-55.00,4.81924500E+05
-54.95,4.80144390E+05
-54.90,4.78371510E+05
-54.85,4.76605815E+05
-54.80,4.74847285E+05
-54.75,4.73095885E+05
-54.70,4.71351585E+05
-54.65,4.69614350E+05
-54.60,4.67884150E+05
-54.55,4.66160955E+05
-54.50,4.64444735E+05
-54.45,4.62735455E+05
-54.40,4.61033095E+05
-54.35,4.59337610E+05
-54.30,4.57648980E+05
-54.25,4.55967175E+05
-54.20,4.54292160E+05
-54.15,4.52623910E+05
-54.10,4.50962390E+05
-54.05,4.49307575E+05
-54.00,4.47659435E+05
-53.95,4.46017940E+05
-53.90,4.44383060E+05
-53.85,4.42754765E+05
-53.80,4.41133030E+05
-53.75,4.39517820E+05
-53.70,4.37909115E+05
-53.65,4.36306885E+05
-53.60,4.34711095E+05
-53.55,4.33121720E+05
-53.50,4.31538735E+05
-53.45,4.29962110E+05
-53.40,4.28391815E+05
-53.35,4.26827830E+05
-53.30,4.25270115E+05
-53.25,4.23718655E+05
-53.20,4.22173415E+05
-53.15,4.20634370E+05
-53.10,4.19101495E+05
-53.05,4.17574765E+05
-53.00,4.16054145E+05
-52.95,4.14539615E+05
-52.90,4.13031145E+05
-52.85,4.11528715E+05
-52.80,4.10032290E+05
-52.75,4.08541850E+05
-52.70,4.07057365E+05
-52.65,4.05578810E+05
-52.60,4.04106165E+05
-52.55,4.02639400E+05
-52.50,4.01178485E+05
-52.45,3.99723400E+05
-52.40,3.98274120E+05
-52.35,3.96830620E+05
-52.30,3.95392875E+05
-52.25,3.93960855E+05
-52.20,3.92534540E+05
-52.15,3.91113905E+05
-52.10,3.89698920E+05
-52.05,3.88289570E+05
-52.00,3.86885825E+05
-51.95,3.85487660E+05
-51.90,3.84095055E+05
-51.85,3.82707980E+05
-51.80,3.81326420E+05
-51.75,3.79950340E+05
-51.70,3.78579725E+05
-51.65,3.77214550E+05
-51.60,3.75854790E+05
-51.55,3.74500420E+05
-51.50,3.73151415E+05
-51.45,3.71807760E+05
-51.40,3.70469430E+05
-51.35,3.69136395E+05
-51.30,3.67808635E+05
-51.25,3.66486135E+05
-51.20,3.65168860E+05
-51.15,3.63856800E+05
-51.10,3.62549925E+05
-51.05,3.61248210E+05
-51.00,3.59951640E+05
-50.95,3.58660190E+05
-50.90,3.57373840E+05
-50.85,3.56092565E+05
-50.80,3.54816345E+05
-50.75,3.53545155E+05
-50.70,3.52278980E+05
-50.65,3.51017790E+05
-50.60,3.49761570E+05
-50.55,3.48510300E+05
-50.50,3.47263955E+05
-50.45,3.46022515E+05
-50.40,3.44785955E+05
-50.35,3.43554260E+05
-50.30,3.42327410E+05
-50.25,3.41105380E+05
-50.20,3.39888150E+05
-50.15,3.38675700E+05
-50.10,3.37468010E+05
-50.05,3.36265060E+05
-50.00,3.35066830E+05
-49.95,3.33873300E+05
-49.90,3.32684445E+05
-49.85,3.31500255E+05
-49.80,3.30320700E+05
-49.75,3.29145770E+05
-49.70,3.27975435E+05
-49.65,3.26809680E+05
-49.60,3.25648490E+05
-49.55,3.24491840E+05
-49.50,3.23339715E+05
-49.45,3.22192090E+05
-49.40,3.21048950E+05
-49.35,3.19910270E+05
-49.30,3.18776040E+05
-49.25,3.17646240E+05
-49.20,3.16520845E+05
-49.15,3.15399840E+05
-49.10,3.14283205E+05
-49.05,3.13170925E+05
-49.00,3.12062980E+05
-48.95,3.10959345E+05
-48.90,3.09860010E+05
-48.85,3.08764955E+05
-48.80,3.07674165E+05
-48.75,3.06587610E+05
-48.70,3.05505285E+05
-48.65,3.04427165E+05
-48.60,3.03353240E+05
-48.55,3.02283480E+05
-48.50,3.01217875E+05
-48.45,3.00156410E+05
-48.40,2.99099060E+05
-48.35,2.98045815E+05
-48.30,2.96996655E+05
-48.25,2.95951560E+05
-48.20,2.94910515E+05
-48.15,2.93873505E+05
-48.10,2.92840510E+05
-48.05,2.91811510E+05
-48.00,2.90786500E+05
-47.95,2.89765450E+05
-47.90,2.88748350E+05
-47.85,2.87735185E+05
-47.80,2.86725930E+05
-47.75,2.85720580E+05
-47.70,2.84719110E+05
-47.65,2.83721505E+05
-47.60,2.82727750E+05
-47.55,2.81737835E+05
-47.50,2.80751735E+05
-47.45,2.79769435E+05
-47.40,2.78790920E+05
-47.35,2.77816180E+05
-47.30,2.76845190E+05
-47.25,2.75877940E+05
-47.20,2.74914415E+05
-47.15,2.73954595E+05
-47.10,2.72998470E+05
-47.05,2.72046020E+05
-47.00,2.71097230E+05
-46.95,2.70152085E+05
-46.90,2.69210570E+05
-46.85,2.68272675E+05
-46.80,2.67338375E+05
-46.75,2.66407665E+05
-46.70,2.65480520E+05
-46.65,2.64556935E+05
-46.60,2.63636890E+05
-46.55,2.62720370E+05
-46.50,2.61807360E+05
-46.45,2.60897845E+05
-46.40,2.59991815E+05
-46.35,2.59089250E+05
-46.30,2.58190140E+05
-46.25,2.57294470E+05
-46.20,2.56402220E+05
-46.15,2.55513385E+05
-46.10,2.54627940E+05
-46.05,2.53745880E+05
-46.00,2.52867190E+05
-45.95,2.51991850E+05
-45.90,2.51119850E+05
-45.85,2.50251175E+05
-45.80,2.49385815E+05
-45.75,2.48523755E+05
-45.70,2.47664975E+05
-45.65,2.46809465E+05
-45.60,2.45957220E+05
-45.55,2.45108210E+05
-45.50,2.44262435E+05
-45.45,2.43419880E+05
-45.40,2.42580525E+05
-45.35,2.41744360E+05
-45.30,2.40911375E+05
-45.25,2.40081555E+05
-45.20,2.39254885E+05
-45.15,2.38431350E+05
-45.10,2.37610945E+05
-45.05,2.36793650E+05
-45.00,2.35979455E+05
-44.95,2.35168345E+05
-44.90,2.34360310E+05
-44.85,2.33555335E+05
-44.80,2.32753410E+05
-44.75,2.31954520E+05
-44.70,2.31158655E+05
-44.65,2.30365800E+05
-44.60,2.29575945E+05
-44.55,2.28789075E+05
-44.50,2.28005180E+05
-44.45,2.27224250E+05
-44.40,2.26446265E+05
-44.35,2.25671220E+05
-44.30,2.24899095E+05
-44.25,2.24129890E+05
-44.20,2.23363585E+05
-44.15,2.22600170E+05
-44.10,2.21839630E+05
-44.05,2.21081955E+05
-44.00,2.20327135E+05
-43.95,2.19575160E+05
-43.90,2.18826015E+05
-43.85,2.18079690E+05
-43.80,2.17336170E+05
-43.75,2.16595450E+05
-43.70,2.15857510E+05
-43.65,2.15122345E+05
-43.60,2.14389940E+05
-43.55,2.13660290E+05
-43.50,2.12933375E+05
-43.45,2.12209190E+05
-43.40,2.11487725E+05
-43.35,2.10768965E+05
-43.30,2.10052895E+05
-43.25,2.09339515E+05
-43.20,2.08628805E+05
-43.15,2.07920755E+05
-43.10,2.07215360E+05
-43.05,2.06512605E+05
-43.00,2.05812475E+05
-42.95,2.05114970E+05
-42.90,2.04420070E+05
-42.85,2.03727765E+05
-42.80,2.03038050E+05
-42.75,2.02350915E+05
-42.70,2.01666340E+05
-42.65,2.00984325E+05
-42.60,2.00304850E+05
-42.55,1.99627915E+05
-42.50,1.98953505E+05
-42.45,1.98281605E+05
-42.40,1.97612210E+05
-42.35,1.96945310E+05
-42.30,1.96280895E+05
-42.25,1.95618955E+05
-42.20,1.94959475E+05
-42.15,1.94302450E+05
-42.10,1.93647870E+05
-42.05,1.92995720E+05
-42.00,1.92346000E+05
-41.95,1.91698690E+05
-41.90,1.91053785E+05
-41.85,1.90411275E+05
-41.80,1.89771150E+05
-41.75,1.89133400E+05
-41.70,1.88498015E+05
-41.65,1.87864990E+05
-41.60,1.87234310E+05
-41.55,1.86605965E+05
-41.50,1.85979950E+05
-41.45,1.85356255E+05
-41.40,1.84734865E+05
-41.35,1.84115775E+05
-41.30,1.83498980E+05
-41.25,1.82884460E+05
-41.20,1.82272215E+05
-41.15,1.81662235E+05
-41.10,1.81054505E+05
-41.05,1.80449025E+05
-41.00,1.79845775E+05
-40.95,1.79244755E+05
-40.90,1.78645950E+05
-40.85,1.78049360E+05
-40.80,1.77454965E+05
-40.75,1.76862760E+05
-40.70,1.76272740E+05
-40.65,1.75684890E+05
-40.60,1.75099210E+05
-40.55,1.74515685E+05
-40.50,1.73934305E+05
-40.45,1.73355065E+05
-40.40,1.72777955E+05
-40.35,1.72202965E+05
-40.30,1.71630090E+05
-40.25,1.71059320E+05
-40.20,1.70490650E+05
-40.15,1.69924065E+05
-40.10,1.69359555E+05
-40.05,1.68797120E+05
-40.00,1.68236750E+05
-39.95,1.67678435E+05
-39.90,1.67122165E+05
-39.85,1.66567930E+05
-39.80,1.66015730E+05
-39.75,1.65465550E+05
-39.70,1.64917385E+05
-39.65,1.64371225E+05
-39.60,1.63827065E+05
-39.55,1.63284895E+05
-39.50,1.62744705E+05
-39.45,1.62206490E+05
-39.40,1.61670245E+05
-39.35,1.61135955E+05
-39.30,1.60603615E+05
-39.25,1.60073220E+05
-39.20,1.59544760E+05
-39.15,1.59018225E+05
-39.10,1.58493610E+05
-39.05,1.57970910E+05
-39.00,1.57450115E+05
-38.95,1.56931215E+05
-38.90,1.56414205E+05
-38.85,1.55899080E+05
-38.80,1.55385825E+05
-38.75,1.54874440E+05
-38.70,1.54364915E+05
-38.65,1.53857240E+05
-38.60,1.53351415E+05
-38.55,1.52847425E+05
-38.50,1.52345265E+05
-38.45,1.51844925E+05
-38.40,1.51346405E+05
-38.35,1.50849695E+05
-38.30,1.50354785E+05
-38.25,1.49861670E+05
-38.20,1.49370340E+05
-38.15,1.48880790E+05
-38.10,1.48393020E+05
-38.05,1.47907010E+05
-38.00,1.47422760E+05
-37.95,1.46940265E+05
-37.90,1.46459515E+05
-37.85,1.45980505E+05
-37.80,1.45503220E+05
-37.75,1.45027665E+05
-37.70,1.44553830E+05
-37.65,1.44081705E+05
-37.60,1.43611285E+05
-37.55,1.43142560E+05
-37.50,1.42675530E+05
-37.45,1.42210180E+05
-37.40,1.41746510E+05
-37.35,1.41284515E+05
-37.30,1.40824180E+05
-37.25,1.40365505E+05
-37.20,1.39908485E+05
-37.15,1.39453105E+05
-37.10,1.38999365E+05
-37.05,1.38547260E+05
-37.00,1.38096780E+05
-36.95,1.37647920E+05
-36.90,1.37200670E+05
-36.85,1.36755030E+05
-36.80,1.36310990E+05
-36.75,1.35868545E+05
-36.70,1.35427685E+05
-36.65,1.34988410E+05
-36.60,1.34550710E+05
-36.55,1.34114580E+05
-36.50,1.33680015E+05
-36.45,1.33247005E+05
-36.40,1.32815545E+05
-36.35,1.32385635E+05
-36.30,1.31957260E+05
-36.25,1.31530420E+05
-36.20,1.31105105E+05
-36.15,1.30681310E+05
-36.10,1.30259035E+05
-36.05,1.29838265E+05
-36.00,1.29419000E+05
-35.95,1.29001235E+05
-35.90,1.28584955E+05
-35.85,1.28170170E+05
-35.80,1.27756860E+05
-35.75,1.27345025E+05
-35.70,1.26934655E+05
-35.65,1.26525755E+05
-35.60,1.26118305E+05
-35.55,1.25712310E+05
-35.50,1.25307765E+05
-35.45,1.24904655E+05
-35.40,1.24502980E+05
-35.35,1.24102735E+05
-35.30,1.23703915E+05
-35.25,1.23306515E+05
-35.20,1.22910525E+05
-35.15,1.22515940E+05
-35.10,1.22122760E+05
-35.05,1.21730975E+05
-35.00,1.21340580E+05
-34.95,1.20951570E+05
-34.90,1.20563940E+05
-34.85,1.20177685E+05
-34.80,1.19792800E+05
-34.75,1.19409280E+05
-34.70,1.19027120E+05
-34.65,1.18646310E+05
-34.60,1.18266850E+05
-34.55,1.17888730E+05
-34.50,1.17511955E+05
-34.45,1.17136505E+05
-34.40,1.16762390E+05
-34.35,1.16389590E+05
-34.30,1.16018115E+05
-34.25,1.15647945E+05
-34.20,1.15279085E+05
-34.15,1.14911530E+05
-34.10,1.14545270E+05
-34.05,1.14180305E+05
-34.00,1.13816625E+05
-33.95,1.13454225E+05
-33.90,1.13093105E+05
-33.85,1.12733255E+05
-33.80,1.12374675E+05
-33.75,1.12017355E+05
-33.70,1.11661295E+05
-33.65,1.11306490E+05
-33.60,1.10952930E+05
-33.55,1.10600615E+05
-33.50,1.10249535E+05
-33.45,1.09899695E+05
-33.40,1.09551080E+05
-33.35,1.09203690E+05
-33.30,1.08857520E+05
-33.25,1.08512565E+05
-33.20,1.08168820E+05
-33.15,1.07826280E+05
-33.10,1.07484945E+05
-33.05,1.07144800E+05
-33.00,1.06805855E+05
-32.95,1.06468090E+05
-32.90,1.06131510E+05
-32.85,1.05796110E+05
-32.80,1.05461885E+05
-32.75,1.05128825E+05
-32.70,1.04796935E+05
-32.65,1.04466200E+05
-32.60,1.04136625E+05
-32.55,1.03808200E+05
-32.50,1.03480925E+05
-32.45,1.03154790E+05
-32.40,1.02829790E+05
-32.35,1.02505930E+05
-32.30,1.02183195E+05
-32.25,1.01861590E+05
-32.20,1.01541105E+05
-32.15,1.01221735E+05
-32.10,1.00903480E+05
-32.05,1.00586330E+05
-32.00,1.00270290E+05
-31.95,9.99553450E+04
-31.90,9.96415000E+04
-31.85,9.93287400E+04
-31.80,9.90170750E+04
-31.75,9.87064900E+04
-31.70,9.83969850E+04
-31.65,9.80885550E+04
-31.60,9.77811950E+04
-31.55,9.74749050E+04
-31.50,9.71696750E+04
-31.45,9.68655050E+04
-31.40,9.65623900E+04
-31.35,9.62603250E+04
-31.30,9.59593100E+04
-31.25,9.56593350E+04
-31.20,9.53604000E+04
-31.15,9.50625000E+04
-31.10,9.47656300E+04
-31.05,9.44697900E+04
-31.00,9.41749700E+04
-30.95,9.38811750E+04
-30.90,9.35883900E+04
-30.85,9.32966200E+04
-30.80,9.30058600E+04
-30.75,9.27161000E+04
-30.70,9.24273450E+04
-30.65,9.21395800E+04
-30.60,9.18528150E+04
-30.55,9.15670350E+04
-30.50,9.12822450E+04
-30.45,9.09984300E+04
-30.40,9.07156000E+04
-30.35,9.04337400E+04
-30.30,9.01528500E+04
-30.25,8.98729300E+04
-30.20,8.95939750E+04
-30.15,8.93159750E+04
-30.10,8.90389350E+04
-30.05,8.87628450E+04
-30.00,8.84877050E+04
-29.95,8.82135100E+04
-29.90,8.79402600E+04
-29.85,8.76679450E+04
-29.80,8.73965650E+04
-29.75,8.71261200E+04
-29.70,8.68566000E+04
-29.65,8.65880050E+04
-29.60,8.63203300E+04
-29.55,8.60535700E+04
-29.50,8.57877300E+04
-29.45,8.55227950E+04
-29.40,8.52587700E+04
-29.35,8.49956500E+04
-29.30,8.47334300E+04
-29.25,8.44721050E+04
-29.20,8.42116750E+04
-29.15,8.39521350E+04
-29.10,8.36934800E+04
-29.05,8.34357150E+04
-29.00,8.31788250E+04
-28.95,8.29228150E+04
-28.90,8.26676750E+04
-28.85,8.24134100E+04
-28.80,8.21600100E+04
-28.75,8.19074750E+04
-28.70,8.16558000E+04
-28.65,8.14049850E+04
-28.60,8.11550200E+04
-28.55,8.09059100E+04
-28.50,8.06576500E+04
-28.45,8.04102300E+04
-28.40,8.01636550E+04
-28.35,7.99179200E+04
-28.30,7.96730150E+04
-28.25,7.94289500E+04
-28.20,7.91857100E+04
-28.15,7.89432950E+04
-28.10,7.87017050E+04
-28.05,7.84609350E+04
-28.00,7.82209850E+04
-27.95,7.79818450E+04
-27.90,7.77435200E+04
-27.85,7.75060000E+04
-27.80,7.72692850E+04
-27.75,7.70333750E+04
-27.70,7.67982600E+04
-27.65,7.65639450E+04
-27.60,7.63304200E+04
-27.55,7.60976900E+04
-27.50,7.58657450E+04
-27.45,7.56345800E+04
-27.40,7.54042000E+04
-27.35,7.51746000E+04
-27.30,7.49457750E+04
-27.25,7.47177250E+04
-27.20,7.44904450E+04
-27.15,7.42639300E+04
-27.10,7.40381800E+04
-27.05,7.38131900E+04
-27.00,7.35889600E+04
-26.95,7.33654850E+04
-26.90,7.31427650E+04
-26.85,7.29207950E+04
-26.80,7.26995750E+04
-26.75,7.24790950E+04
-26.70,7.22593600E+04
-26.65,7.20403650E+04
-26.60,7.18221050E+04
-26.55,7.16045800E+04
-26.50,7.13877850E+04
-26.45,7.11717200E+04
-26.40,7.09563800E+04
-26.35,7.07417650E+04
-26.30,7.05278700E+04
-26.25,7.03146900E+04
-26.20,7.01022300E+04
-26.15,6.98904800E+04
-26.10,6.96794400E+04
-26.05,6.94691100E+04
-26.00,6.92594800E+04
-25.95,6.90505550E+04
-25.90,6.88423350E+04
-25.85,6.86348050E+04
-25.80,6.84279700E+04
-25.75,6.82218300E+04
-25.70,6.80163800E+04
-25.65,6.78116150E+04
-25.60,6.76075350E+04
-25.55,6.74041350E+04
-25.50,6.72014200E+04
-25.45,6.69993750E+04
-25.40,6.67980100E+04
-25.35,6.65973150E+04
-25.30,6.63972900E+04
-25.25,6.61979300E+04
-25.20,6.59992400E+04
-25.15,6.58012100E+04
-25.10,6.56038350E+04
-25.05,6.54071250E+04
-25.00,6.52110650E+04
-24.95,6.50156600E+04
-24.90,6.48209050E+04
-24.85,6.46268000E+04
-24.80,6.44333350E+04
-24.75,6.42405200E+04
-24.70,6.40483400E+04
-24.65,6.38568000E+04
-24.60,6.36659000E+04
-24.55,6.34756300E+04
-24.50,6.32859950E+04
-24.45,6.30969850E+04
-24.40,6.29086050E+04
-24.35,6.27208500E+04
-24.30,6.25337200E+04
-24.25,6.23472050E+04
-24.20,6.21613100E+04
-24.15,6.19760300E+04
-24.10,6.17913650E+04
-24.05,6.16073150E+04
-24.00,6.14238700E+04
-23.95,6.12410300E+04
-23.90,6.10587950E+04
-23.85,6.08771650E+04
-23.80,6.06961350E+04
-23.75,6.05157050E+04
-23.70,6.03358700E+04
-23.65,6.01566250E+04
-23.60,5.99779750E+04
-23.55,5.97999150E+04
-23.50,5.96224400E+04
-23.45,5.94455550E+04
-23.40,5.92692500E+04
-23.35,5.90935250E+04
-23.30,5.89183800E+04
-23.25,5.87438100E+04
-23.20,5.85698200E+04
-23.15,5.83964000E+04
-23.10,5.82235500E+04
-23.05,5.80512700E+04
-23.00,5.78795550E+04
-22.95,5.77084050E+04
-22.90,5.75378200E+04
-22.85,5.73677900E+04
-22.80,5.71983250E+04
-22.75,5.70294100E+04
-22.70,5.68610550E+04
-22.65,5.66932500E+04
-22.60,5.65259950E+04
-22.55,5.63592900E+04
-22.50,5.61931300E+04
-22.45,5.60275150E+04
-22.40,5.58624450E+04
-22.35,5.56979150E+04
-22.30,5.55339200E+04
-22.25,5.53704650E+04
-22.20,5.52075450E+04
-22.15,5.50451600E+04
-22.10,5.48833050E+04
-22.05,5.47219750E+04
-22.00,5.45611750E+04
-21.95,5.44009000E+04
-21.90,5.42411500E+04
-21.85,5.40819200E+04
-21.80,5.39232100E+04
-21.75,5.37650200E+04
-21.70,5.36073450E+04
-21.65,5.34501850E+04
-21.60,5.32935350E+04
-21.55,5.31373950E+04
-21.50,5.29817650E+04
-21.45,5.28266450E+04
-21.40,5.26720250E+04
-21.35,5.25179100E+04
-21.30,5.23643000E+04
-21.25,5.22111850E+04
-21.20,5.20585700E+04
-21.15,5.19064500E+04
-21.10,5.17548250E+04
-21.05,5.16036950E+04
-21.00,5.14530550E+04
-20.95,5.13029050E+04
-20.90,5.11532400E+04
-20.85,5.10040600E+04
-20.80,5.08553650E+04
-20.75,5.07071550E+04
-20.70,5.05594200E+04
-20.65,5.04121700E+04
-20.60,5.02653950E+04
-20.55,5.01190900E+04
-20.50,4.99732650E+04
-20.45,4.98279100E+04
-20.40,4.96830250E+04
-20.35,4.95386100E+04
-20.30,4.93946650E+04
-20.25,4.92511800E+04
-20.20,4.91081600E+04
-20.15,4.89656050E+04
-20.10,4.88235050E+04
-20.05,4.86818700E+04
-20.00,4.85406900E+04
-19.95,4.83999650E+04
-19.90,4.82596900E+04
-19.85,4.81198750E+04
-19.80,4.79805050E+04
-19.75,4.78415850E+04
-19.70,4.77031150E+04
-19.65,4.75650900E+04
-19.60,4.74275100E+04
-19.55,4.72903750E+04
-19.50,4.71536750E+04
-19.45,4.70174200E+04
-19.40,4.68816000E+04
-19.35,4.67462200E+04
-19.30,4.66112750E+04
-19.25,4.64767600E+04
-19.20,4.63426800E+04
-19.15,4.62090300E+04
-19.10,4.60758100E+04
-19.05,4.59430150E+04
-19.00,4.58106500E+04
-18.95,4.56787050E+04
-18.90,4.55471850E+04
-18.85,4.54160850E+04
-18.80,4.52854100E+04
-18.75,4.51551500E+04
-18.70,4.50253050E+04
-18.65,4.48958800E+04
-18.60,4.47668650E+04
-18.55,4.46382650E+04
-18.50,4.45100800E+04
-18.45,4.43823000E+04
-18.40,4.42549300E+04
-18.35,4.41279650E+04
-18.30,4.40014100E+04
-18.25,4.38752550E+04
-18.20,4.37495050E+04
-18.15,4.36241550E+04
-18.10,4.34992050E+04
-18.05,4.33746550E+04
-18.00,4.32505000E+04
-17.95,4.31267400E+04
-17.90,4.30033800E+04
-17.85,4.28804100E+04
-17.80,4.27578300E+04
-17.75,4.26356400E+04
-17.70,4.25138400E+04
-17.65,4.23924250E+04
-17.60,4.22714000E+04
-17.55,4.21507600E+04
-17.50,4.20305000E+04
-17.45,4.19106250E+04
-17.40,4.17911300E+04
-17.35,4.16720150E+04
-17.30,4.15532800E+04
-17.25,4.14349200E+04
-17.20,4.13169350E+04
-17.15,4.11993250E+04
-17.10,4.10820850E+04
-17.05,4.09652200E+04
-17.00,4.08487250E+04
-16.95,4.07325950E+04
-16.90,4.06168400E+04
-16.85,4.05014450E+04
-16.80,4.03864200E+04
-16.75,4.02717550E+04
-16.70,4.01574550E+04
-16.65,4.00435150E+04
-16.60,3.99299400E+04
-16.55,3.98167200E+04
-16.50,3.97038550E+04
-16.45,3.95913500E+04
-16.40,3.94792000E+04
-16.35,3.93674050E+04
-16.30,3.92559600E+04
-16.25,3.91448700E+04
-16.20,3.90341300E+04
-16.15,3.89237350E+04
-16.10,3.88136900E+04
-16.05,3.87039950E+04
-16.00,3.85946400E+04
-15.95,3.84856350E+04
-15.90,3.83769700E+04
-15.85,3.82686450E+04
-15.80,3.81606650E+04
-15.75,3.80530200E+04
-15.70,3.79457150E+04
-15.65,3.78387500E+04
-15.60,3.77321200E+04
-15.55,3.76258250E+04
-15.50,3.75198600E+04
-15.45,3.74142300E+04
-15.40,3.73089350E+04
-15.35,3.72039650E+04
-15.30,3.70993250E+04
-15.25,3.69950150E+04
-15.20,3.68910350E+04
-15.15,3.67873750E+04
-15.10,3.66840450E+04
-15.05,3.65810350E+04
-15.00,3.64783500E+04
-14.95,3.63759800E+04
-14.90,3.62739350E+04
-14.85,3.61722100E+04
-14.80,3.60708050E+04
-14.75,3.59697150E+04
-14.70,3.58689400E+04
-14.65,3.57684800E+04
-14.60,3.56683300E+04
-14.55,3.55685000E+04
-14.50,3.54689750E+04
-14.45,3.53697650E+04
-14.40,3.52708600E+04
-14.35,3.51722700E+04
-14.30,3.50739800E+04
-14.25,3.49760000E+04
-14.20,3.48783250E+04
-14.15,3.47809550E+04
-14.10,3.46838900E+04
-14.05,3.45871250E+04
-14.00,3.44906600E+04
-13.95,3.43944950E+04
-13.90,3.42986300E+04
-13.85,3.42030650E+04
-13.80,3.41077950E+04
-13.75,3.40128200E+04
-13.70,3.39181400E+04
-13.65,3.38237550E+04
-13.60,3.37296600E+04
-13.55,3.36358600E+04
-13.50,3.35423550E+04
-13.45,3.34491350E+04
-13.40,3.33562050E+04
-13.35,3.32635600E+04
-13.30,3.31712050E+04
-13.25,3.30791350E+04
-13.20,3.29873550E+04
-13.15,3.28958550E+04
-13.10,3.28046350E+04
-13.05,3.27137000E+04
-13.00,3.26230500E+04
-12.95,3.25326750E+04
-12.90,3.24425850E+04
-12.85,3.23527650E+04
-12.80,3.22632300E+04
-12.75,3.21739700E+04
-12.70,3.20849850E+04
-12.65,3.19962700E+04
-12.60,3.19078350E+04
-12.55,3.18196700E+04
-12.50,3.17317750E+04
-12.45,3.16441550E+04
-12.40,3.15568050E+04
-12.35,3.14697200E+04
-12.30,3.13829050E+04
-12.25,3.12963600E+04
-12.20,3.12100800E+04
-12.15,3.11240650E+04
-12.10,3.10383100E+04
-12.05,3.09528250E+04
-12.00,3.08676000E+04
-11.95,3.07826400E+04
-11.90,3.06979400E+04
-11.85,3.06134950E+04
-11.80,3.05293150E+04
-11.75,3.04453900E+04
-11.70,3.03617250E+04
-11.65,3.02783150E+04
-11.60,3.01951600E+04
-11.55,3.01122650E+04
-11.50,3.00296200E+04
-11.45,2.99472300E+04
-11.40,2.98650900E+04
-11.35,2.97832000E+04
-11.30,2.97015650E+04
-11.25,2.96201800E+04
-11.20,2.95390400E+04
-11.15,2.94581500E+04
-11.10,2.93775100E+04
-11.05,2.92971150E+04
-11.00,2.92169650E+04
-10.95,2.91370550E+04
-10.90,2.90573950E+04
-10.85,2.89779800E+04
-10.80,2.88988000E+04
-10.75,2.88198700E+04
-10.70,2.87411750E+04
-10.65,2.86627200E+04
-10.60,2.85845050E+04
-10.55,2.85065300E+04
-10.50,2.84287950E+04
-10.45,2.83512900E+04
-10.40,2.82740250E+04
-10.35,2.81969950E+04
-10.30,2.81202000E+04
-10.25,2.80436350E+04
-10.20,2.79673050E+04
-10.15,2.78912100E+04
-10.10,2.78153450E+04
-10.05,2.77397050E+04
-10.00,2.76643000E+04
-9.95,2.75891250E+04
-9.90,2.75141750E+04
-9.85,2.74394550E+04
-9.80,2.73649600E+04
-9.75,2.72906900E+04
-9.70,2.72166450E+04
-9.65,2.71428250E+04
-9.60,2.70692300E+04
-9.55,2.69958600E+04
-9.50,2.69227100E+04
-9.45,2.68497800E+04
-9.40,2.67770700E+04
-9.35,2.67045850E+04
-9.30,2.66323150E+04
-9.25,2.65602650E+04
-9.20,2.64884300E+04
-9.15,2.64168150E+04
-9.10,2.63454150E+04
-9.05,2.62742350E+04
-9.00,2.62032650E+04
-8.95,2.61325100E+04
-8.90,2.60619700E+04
-8.85,2.59916400E+04
-8.80,2.59215250E+04
-8.75,2.58516200E+04
-8.70,2.57819250E+04
-8.65,2.57124400E+04
-8.60,2.56431650E+04
-8.55,2.55741000E+04
-8.50,2.55052450E+04
-8.45,2.54365900E+04
-8.40,2.53681450E+04
-8.35,2.52999100E+04
-8.30,2.52318750E+04
-8.25,2.51640450E+04
-8.20,2.50964200E+04
-8.15,2.50290000E+04
-8.10,2.49617800E+04
-8.05,2.48947600E+04
-8.00,2.48279450E+04
-7.95,2.47613300E+04
-7.90,2.46949150E+04
-7.85,2.46286950E+04
-7.80,2.45626750E+04
-7.75,2.44968550E+04
-7.70,2.44312350E+04
-7.65,2.43658050E+04
-7.60,2.43005750E+04
-7.55,2.42355400E+04
-7.50,2.41706950E+04
-7.45,2.41060500E+04
-7.40,2.40415950E+04
-7.35,2.39773350E+04
-7.30,2.39132650E+04
-7.25,2.38493850E+04
-7.20,2.37857000E+04
-7.15,2.37222050E+04
-7.10,2.36588950E+04
-7.05,2.35957800E+04
-7.00,2.35328500E+04
-6.95,2.34701050E+04
-6.90,2.34075500E+04
-6.85,2.33451800E+04
-6.80,2.32830000E+04
-6.75,2.32210000E+04
-6.70,2.31591900E+04
-6.65,2.30975600E+04
-6.60,2.30361150E+04
-6.55,2.29748500E+04
-6.50,2.29137700E+04
-6.45,2.28528700E+04
-6.40,2.27921550E+04
-6.35,2.27316150E+04
-6.30,2.26712600E+04
-6.25,2.26110800E+04
-6.20,2.25510800E+04
-6.15,2.24912600E+04
-6.10,2.24316150E+04
-6.05,2.23721500E+04
-6.00,2.23128600E+04
-5.95,2.22537450E+04
-5.90,2.21948050E+04
-5.85,2.21360400E+04
-5.80,2.20774450E+04
-5.75,2.20190300E+04
-5.70,2.19607850E+04
-5.65,2.19027150E+04
-5.60,2.18448150E+04
-5.55,2.17870850E+04
-5.50,2.17295250E+04
-5.45,2.16721400E+04
-5.40,2.16149200E+04
-5.35,2.15578700E+04
-5.30,2.15009900E+04
-5.25,2.14442750E+04
-5.20,2.13877300E+04
-5.15,2.13313500E+04
-5.10,2.12751400E+04
-5.05,2.12190950E+04
-5.00,2.11632100E+04
-4.95,2.11074950E+04
-4.90,2.10519400E+04
-4.85,2.09965550E+04
-4.80,2.09413250E+04
-4.75,2.08862650E+04
-4.70,2.08313650E+04
-4.65,2.07766250E+04
-4.60,2.07220450E+04
-4.55,2.06676250E+04
-4.50,2.06133700E+04
-4.45,2.05592700E+04
-4.40,2.05053300E+04
-4.35,2.04515500E+04
-4.30,2.03979250E+04
-4.25,2.03444600E+04
-4.20,2.02911500E+04
-4.15,2.02380000E+04
-4.10,2.01850000E+04
-4.05,2.01321600E+04
-4.00,2.00794750E+04
-3.95,2.00269400E+04
-3.90,1.99745600E+04
-3.85,1.99223350E+04
-3.80,1.98702650E+04
-3.75,1.98183450E+04
-3.70,1.97665750E+04
-3.65,1.97149600E+04
-3.60,1.96634950E+04
-3.55,1.96121800E+04
-3.50,1.95610150E+04
-3.45,1.95100000E+04
-3.40,1.94591350E+04
-3.35,1.94084150E+04
-3.30,1.93578450E+04
-3.25,1.93074250E+04
-3.20,1.92571450E+04
-3.15,1.92070200E+04
-3.10,1.91570350E+04
-3.05,1.91072000E+04
-3.00,1.90575100E+04
-2.95,1.90079600E+04
-2.90,1.89585600E+04
-2.85,1.89093000E+04
-2.80,1.88601850E+04
-2.75,1.88112100E+04
-2.70,1.87623800E+04
-2.65,1.87136950E+04
-2.60,1.86651450E+04
-2.55,1.86167400E+04
-2.50,1.85684750E+04
-2.45,1.85203500E+04
-2.40,1.84723650E+04
-2.35,1.84245200E+04
-2.30,1.83768150E+04
-2.25,1.83292450E+04
-2.20,1.82818150E+04
-2.15,1.82345200E+04
-2.10,1.81873650E+04
-2.05,1.81403450E+04
-2.00,1.80934650E+04
-1.95,1.80467150E+04
-1.90,1.80001050E+04
-1.85,1.79536250E+04
-1.80,1.79072850E+04
-1.75,1.78610750E+04
-1.70,1.78150000E+04
-1.65,1.77690600E+04
-1.60,1.77232500E+04
-1.55,1.76775700E+04
-1.50,1.76320300E+04
-1.45,1.75866150E+04
-1.40,1.75413300E+04
-1.35,1.74961800E+04
-1.30,1.74511600E+04
-1.25,1.74062700E+04
-1.20,1.73615050E+04
-1.15,1.73168750E+04
-1.10,1.72723700E+04
-1.05,1.72279950E+04
-1.00,1.71832500E+04
-0.95,1.71391500E+04
-0.90,1.70951800E+04
-0.85,1.70513400E+04
-0.80,1.70076200E+04
-0.75,1.69640300E+04
-0.70,1.69205650E+04
-0.65,1.68772250E+04
-0.60,1.68340100E+04
-0.55,1.67909150E+04
-0.50,1.67479500E+04
-0.45,1.67051050E+04
-0.40,1.66623850E+04
-0.35,1.66197850E+04
-0.30,1.65773100E+04
-0.25,1.65349550E+04
-0.20,1.64927200E+04
-0.15,1.64506100E+04
-0.10,1.64086200E+04
-0.05,1.63667500E+04
0.00,1.63250000E+04
0.05,1.62833700E+04
0.10,1.62418600E+04
0.15,1.62004650E+04
0.20,1.61591900E+04
0.25,1.61180350E+04
0.30,1.60770000E+04
0.35,1.60360800E+04
0.40,1.59952750E+04
0.45,1.59545900E+04
0.50,1.59140150E+04
0.55,1.58735600E+04
0.60,1.58332250E+04
0.65,1.57930000E+04
0.70,1.57528900E+04
0.75,1.57128950E+04
0.80,1.56730150E+04
0.85,1.56332500E+04
0.90,1.55935950E+04
0.95,1.55540550E+04
1.00,1.55146250E+04
1.05,1.54753100E+04
1.10,1.54361100E+04
1.15,1.53970150E+04
1.20,1.53580350E+04
1.25,1.53191650E+04
1.30,1.52804050E+04
1.35,1.52417600E+04
1.40,1.52032200E+04
1.45,1.51647900E+04
1.50,1.51264700E+04
1.55,1.50882600E+04
1.60,1.50501550E+04
1.65,1.50121600E+04
1.70,1.49742750E+04
1.75,1.49364950E+04
1.80,1.48988200E+04
1.85,1.48612550E+04
1.90,1.48237950E+04
1.95,1.47864450E+04
2.00,1.47491950E+04
2.05,1.47120550E+04
2.10,1.46750200E+04
2.15,1.46380900E+04
2.20,1.46012600E+04
2.25,1.45645400E+04
2.30,1.45279200E+04
2.35,1.44914050E+04
2.40,1.44549900E+04
2.45,1.44186800E+04
2.50,1.43824750E+04
2.55,1.43463700E+04
2.60,1.43103650E+04
2.65,1.42744650E+04
2.70,1.42386650E+04
2.75,1.42029650E+04
2.80,1.41673700E+04
2.85,1.41318700E+04
2.90,1.40964700E+04
2.95,1.40611750E+04
3.00,1.40259750E+04
3.05,1.39908750E+04
3.10,1.39558750E+04
3.15,1.39209700E+04
3.20,1.38861700E+04
3.25,1.38514600E+04
3.30,1.38168500E+04
3.35,1.37823400E+04
3.40,1.37479250E+04
3.45,1.37136100E+04
3.50,1.36793850E+04
3.55,1.36452600E+04
3.60,1.36112300E+04
3.65,1.35772950E+04
3.70,1.35434550E+04
3.75,1.35097150E+04
3.80,1.34760650E+04
3.85,1.34425100E+04
3.90,1.34090450E+04
3.95,1.33756800E+04
4.00,1.33424050E+04
4.05,1.33092250E+04
4.10,1.32761350E+04
4.15,1.32431400E+04
4.20,1.32102350E+04
4.25,1.31774250E+04
4.30,1.31447050E+04
4.35,1.31120750E+04
4.40,1.30795400E+04
4.45,1.30470900E+04
4.50,1.30147350E+04
4.55,1.29824700E+04
4.60,1.29502950E+04
4.65,1.29182100E+04
4.70,1.28862100E+04
4.75,1.28543050E+04
4.80,1.28224850E+04
4.85,1.27907550E+04
4.90,1.27591150E+04
4.95,1.27275650E+04
5.00,1.26960950E+04
5.05,1.26647200E+04
5.10,1.26334300E+04
5.15,1.26022250E+04
5.20,1.25711100E+04
5.25,1.25400800E+04
5.30,1.25091350E+04
5.35,1.24782750E+04
5.40,1.24475050E+04
5.45,1.24168150E+04
5.50,1.23862150E+04
5.55,1.23556950E+04
5.60,1.23252650E+04
5.65,1.22949150E+04
5.70,1.22646550E+04
5.75,1.22344750E+04
5.80,1.22043750E+04
5.85,1.21743650E+04
5.90,1.21444350E+04
5.95,1.21145850E+04
6.00,1.20848200E+04
6.05,1.20551400E+04
6.10,1.20255400E+04
6.15,1.19960200E+04
6.20,1.19665850E+04
6.25,1.19372300E+04
6.30,1.19079550E+04
6.35,1.18787600E+04
6.40,1.18496500E+04
6.45,1.18206150E+04
6.50,1.17916650E+04
6.55,1.17627900E+04
6.60,1.17340000E+04
6.65,1.17052850E+04
6.70,1.16766500E+04
6.75,1.16480950E+04
6.80,1.16196150E+04
6.85,1.15912200E+04
6.90,1.15629000E+04
6.95,1.15346550E+04
7.00,1.15064900E+04
7.05,1.14784050E+04
7.10,1.14503950E+04
7.15,1.14224600E+04
7.20,1.13946050E+04
7.25,1.13668250E+04
7.30,1.13391200E+04
7.35,1.13114950E+04
7.40,1.12839400E+04
7.45,1.12564650E+04
7.50,1.12290650E+04
7.55,1.12017400E+04
7.60,1.11744900E+04
7.65,1.11473150E+04
7.70,1.11202100E+04
7.75,1.10931850E+04
7.80,1.10662300E+04
7.85,1.10393500E+04
7.90,1.10125450E+04
7.95,1.09858150E+04
8.00,1.09591550E+04
8.05,1.09325650E+04
8.10,1.09060550E+04
8.15,1.08796100E+04
8.20,1.08532400E+04
8.25,1.08269450E+04
8.30,1.08007200E+04
8.35,1.07745650E+04
8.40,1.07484850E+04
8.45,1.07224700E+04
8.50,1.06965300E+04
8.55,1.06706600E+04
8.60,1.06448650E+04
8.65,1.06191350E+04
8.70,1.05934750E+04
8.75,1.05678850E+04
8.80,1.05423650E+04
8.85,1.05169150E+04
8.90,1.04915350E+04
8.95,1.04662250E+04
9.00,1.04409850E+04
9.05,1.04158100E+04
9.10,1.03907050E+04
9.15,1.03656650E+04
9.20,1.03406950E+04
9.25,1.03157950E+04
9.30,1.02909600E+04
9.35,1.02661950E+04
9.40,1.02414950E+04
9.45,1.02168600E+04
9.50,1.01922950E+04
9.55,1.01677950E+04
9.60,1.01433650E+04
9.65,1.01190000E+04
9.70,1.00946950E+04
9.75,1.00704650E+04
9.80,1.00462950E+04
9.85,1.00221900E+04
9.90,9.99815000E+03
9.95,9.97418000E+03
10.00,9.95027000E+03
10.05,9.92642500E+03
10.10,9.90264500E+03
10.15,9.87893000E+03
10.20,9.85528000E+03
10.25,9.83169000E+03
10.30,9.80816500E+03
10.35,9.78470500E+03
10.40,9.76131000E+03
10.45,9.73797500E+03
10.50,9.71470500E+03
10.55,9.69149500E+03
10.60,9.66835000E+03
10.65,9.64526500E+03
10.70,9.62224500E+03
10.75,9.59928500E+03
10.80,9.57639000E+03
10.85,9.55355000E+03
10.90,9.53078000E+03
10.95,9.50806500E+03
11.00,9.48541000E+03
11.05,9.46282000E+03
11.10,9.44029000E+03
11.15,9.41782000E+03
11.20,9.39541000E+03
11.25,9.37306000E+03
11.30,9.35077000E+03
11.35,9.32854000E+03
11.40,9.30637000E+03
11.45,9.28426000E+03
11.50,9.26220500E+03
11.55,9.24021500E+03
11.60,9.21828000E+03
11.65,9.19640500E+03
11.70,9.17459000E+03
11.75,9.15283000E+03
11.80,9.13113000E+03
11.85,9.10949000E+03
11.90,9.08790500E+03
11.95,9.06638000E+03
12.00,9.04491000E+03
12.05,9.02350000E+03
12.10,9.00214500E+03
12.15,8.98085000E+03
12.20,8.95961000E+03
12.25,8.93842500E+03
12.30,8.91730000E+03
12.35,8.89623000E+03
12.40,8.87521500E+03
12.45,8.85425500E+03
12.50,8.83335500E+03
12.55,8.81250500E+03
12.60,8.79171500E+03
12.65,8.77098000E+03
12.70,8.75030000E+03
12.75,8.72967500E+03
12.80,8.70910000E+03
12.85,8.68858500E+03
12.90,8.66812500E+03
12.95,8.64771500E+03
13.00,8.62736500E+03
13.05,8.60706500E+03
13.10,8.58682000E+03
13.15,8.56663000E+03
13.20,8.54649000E+03
13.25,8.52641000E+03
13.30,8.50637500E+03
13.35,8.48640000E+03
13.40,8.46647500E+03
13.45,8.44660000E+03
13.50,8.42678500E+03
13.55,8.40701500E+03
13.60,8.38730000E+03
13.65,8.36764000E+03
13.70,8.34803000E+03
13.75,8.32847000E+03
13.80,8.30896500E+03
13.85,8.28951000E+03
13.90,8.27010500E+03
13.95,8.25075500E+03
14.00,8.23145000E+03
14.05,8.21220000E+03
14.10,8.19300500E+03
14.15,8.17385500E+03
14.20,8.15475500E+03
14.25,8.13571000E+03
14.30,8.11671000E+03
14.35,8.09776500E+03
14.40,8.07886500E+03
14.45,8.06002000E+03
14.50,8.04122000E+03
14.55,8.02247000E+03
14.60,8.00377500E+03
14.65,7.98512500E+03
14.70,7.96652000E+03
14.75,7.94797000E+03
14.80,7.92947000E+03
14.85,7.91101500E+03
14.90,7.89260500E+03
14.95,7.87425000E+03
15.00,7.85594000E+03
15.05,7.83768000E+03
15.10,7.81946500E+03
15.15,7.80130000E+03
15.20,7.78318500E+03
15.25,7.76511500E+03
15.30,7.74709000E+03
15.35,7.72911500E+03
15.40,7.71118500E+03
15.45,7.69330500E+03
15.50,7.67547000E+03
15.55,7.65768500E+03
15.60,7.63994000E+03
15.65,7.62224500E+03
15.70,7.60460000E+03
15.75,7.58699500E+03
15.80,7.56944000E+03
15.85,7.55193000E+03
15.90,7.53446500E+03
15.95,7.51704500E+03
16.00,7.49967000E+03
16.05,7.48234500E+03
16.10,7.46506000E+03
16.15,7.44782500E+03
16.20,7.43063000E+03
16.25,7.41348500E+03
16.30,7.39638000E+03
16.35,7.37932000E+03
16.40,7.36230500E+03
16.45,7.34533500E+03
16.50,7.32841000E+03
16.55,7.31153000E+03
16.60,7.29469000E+03
16.65,7.27790000E+03
16.70,7.26115000E+03
16.75,7.24444000E+03
16.80,7.22778000E+03
16.85,7.21116000E+03
16.90,7.19458500E+03
16.95,7.17805000E+03
17.00,7.16156000E+03
17.05,7.14511000E+03
17.10,7.12870500E+03
17.15,7.11234500E+03
17.20,7.09602500E+03
17.25,7.07974500E+03
17.30,7.06351000E+03
17.35,7.04732000E+03
17.40,7.03116500E+03
17.45,7.01506000E+03
17.50,6.99899000E+03
17.55,6.98296500E+03
17.60,6.96698000E+03
17.65,6.95103500E+03
17.70,6.93513500E+03
17.75,6.91927500E+03
17.80,6.90345500E+03
17.85,6.88767500E+03
17.90,6.87193500E+03
17.95,6.85624000E+03
18.00,6.84058500E+03
18.05,6.82496500E+03
18.10,6.80939000E+03
18.15,6.79385500E+03
18.20,6.77836000E+03
18.25,6.76290500E+03
18.30,6.74748500E+03
18.35,6.73211000E+03
18.40,6.71677500E+03
18.45,6.70147500E+03
18.50,6.68622000E+03
18.55,6.67100000E+03
18.60,6.65582000E+03
18.65,6.64068000E+03
18.70,6.62558000E+03
18.75,6.61052000E+03
18.80,6.59549500E+03
18.85,6.58051000E+03
18.90,6.56556500E+03
18.95,6.55065500E+03
19.00,6.53578500E+03
19.05,6.52095500E+03
19.10,6.50616000E+03
19.15,6.49140500E+03
19.20,6.47668500E+03
19.25,6.46200500E+03
19.30,6.44736500E+03
19.35,6.43276000E+03
19.40,6.41819000E+03
19.45,6.40366500E+03
19.50,6.38917000E+03
19.55,6.37471500E+03
19.60,6.36029500E+03
19.65,6.34591500E+03
19.70,6.33157000E+03
19.75,6.31726000E+03
19.80,6.30299000E+03
19.85,6.28875500E+03
19.90,6.27455500E+03
19.95,6.26039500E+03
20.00,6.24626500E+03
20.05,6.23217500E+03
20.10,6.21812000E+03
20.15,6.20410500E+03
20.20,6.19012000E+03
20.25,6.17617500E+03
20.30,6.16226000E+03
20.35,6.14838500E+03
20.40,6.13454500E+03
20.45,6.12074000E+03
20.50,6.10697000E+03
20.55,6.09323500E+03
20.60,6.07953500E+03
20.65,6.06587000E+03
20.70,6.05224000E+03
20.75,6.03864500E+03
20.80,6.02508500E+03
20.85,6.01155500E+03
20.90,5.99806500E+03
20.95,5.98460500E+03
21.00,5.97118000E+03
21.05,5.95779000E+03
21.10,5.94443500E+03
21.15,5.93111500E+03
21.20,5.91782500E+03
21.25,5.90457000E+03
21.30,5.89135000E+03
21.35,5.87816500E+03
21.40,5.86501000E+03
21.45,5.85189000E+03
21.50,5.83880000E+03
21.55,5.82575000E+03
21.60,5.81272500E+03
21.65,5.79974000E+03
21.70,5.78678500E+03
21.75,5.77386000E+03
21.80,5.76097000E+03
21.85,5.74811500E+03
21.90,5.73529000E+03
21.95,5.72250000E+03
22.00,5.70974000E+03
22.05,5.69701000E+03
22.10,5.68431500E+03
22.15,5.67165000E+03
22.20,5.65902000E+03
22.25,5.64642000E+03
22.30,5.63385000E+03
22.35,5.62131500E+03
22.40,5.60881000E+03
22.45,5.59633500E+03
22.50,5.58389500E+03
22.55,5.57148500E+03
22.60,5.55910500E+03
22.65,5.54676000E+03
22.70,5.53444000E+03
22.75,5.52215500E+03
22.80,5.50990000E+03
22.85,5.49767500E+03
22.90,5.48548000E+03
22.95,5.47332000E+03
23.00,5.46118500E+03
23.05,5.44908500E+03
23.10,5.43701500E+03
23.15,5.42497000E+03
23.20,5.41296000E+03
23.25,5.40098000E+03
23.30,5.38903000E+03
23.35,5.37711000E+03
23.40,5.36522000E+03
23.45,5.35335500E+03
23.50,5.34152500E+03
23.55,5.32972500E+03
23.60,5.31795000E+03
23.65,5.30621000E+03
23.70,5.29449500E+03
23.75,5.28281000E+03
23.80,5.27115500E+03
23.85,5.25953000E+03
23.90,5.24793500E+03
23.95,5.23636500E+03
24.00,5.22483000E+03
24.05,5.21332000E+03
24.10,5.20183500E+03
24.15,5.19038500E+03
24.20,5.17896000E+03
24.25,5.16756500E+03
24.30,5.15620000E+03
24.35,5.14486000E+03
24.40,5.13355000E+03
24.45,5.12226500E+03
24.50,5.11101000E+03
24.55,5.09978500E+03
24.60,5.08859000E+03
24.65,5.07742000E+03
24.70,5.06627500E+03
24.75,5.05516000E+03
24.80,5.04407500E+03
24.85,5.03301500E+03
24.90,5.02198000E+03
24.95,5.01097500E+03
25.00,5.00000000E+03
25.05,4.98905000E+03
25.10,4.97812500E+03
25.15,4.96723000E+03
25.20,4.95636500E+03
25.25,4.94552000E+03
25.30,4.93470500E+03
25.35,4.92392000E+03
25.40,4.91315500E+03
25.45,4.90242500E+03
25.50,4.89171500E+03
25.55,4.88103500E+03
25.60,4.87038000E+03
25.65,4.85975000E+03
25.70,4.84914500E+03
25.75,4.83857000E+03
25.80,4.82802000E+03
25.85,4.81749500E+03
25.90,4.80700000E+03
25.95,4.79653000E+03
26.00,4.78608000E+03
26.05,4.77566000E+03
26.10,4.76526500E+03
26.15,4.75490000E+03
26.20,4.74455500E+03
26.25,4.73424000E+03
26.30,4.72394500E+03
26.35,4.71368000E+03
26.40,4.70343500E+03
26.45,4.69322000E+03
26.50,4.68303000E+03
26.55,4.67286500E+03
26.60,4.66272500E+03
26.65,4.65260500E+03
26.70,4.64251500E+03
26.75,4.63245000E+03
26.80,4.62241000E+03
26.85,4.61239000E+03
26.90,4.60240000E+03
26.95,4.59243000E+03
27.00,4.58249000E+03
27.05,4.57257000E+03
27.10,4.56267500E+03
27.15,4.55280500E+03
27.20,4.54296000E+03
27.25,4.53314000E+03
27.30,4.52334000E+03
27.35,4.51356500E+03
27.40,4.50382000E+03
27.45,4.49409000E+03
27.50,4.48439000E+03
27.55,4.47471000E+03
27.60,4.46506000E+03
27.65,4.45542500E+03
27.70,4.44582000E+03
27.75,4.43623500E+03
27.80,4.42667500E+03
27.85,4.41714000E+03
27.90,4.40762500E+03
27.95,4.39813500E+03
28.00,4.38867000E+03
28.05,4.37922500E+03
28.10,4.36980500E+03
28.15,4.36040500E+03
28.20,4.35103000E+03
28.25,4.34168000E+03
28.30,4.33235000E+03
28.35,4.32304500E+03
28.40,4.31376000E+03
28.45,4.30450000E+03
28.50,4.29526000E+03
28.55,4.28604500E+03
28.60,4.27685000E+03
28.65,4.26768000E+03
28.70,4.25853000E+03
28.75,4.24940500E+03
28.80,4.24030000E+03
28.85,4.23122000E+03
28.90,4.22216000E+03
28.95,4.21312000E+03
29.00,4.20410500E+03
29.05,4.19511000E+03
29.10,4.18614000E+03
29.15,4.17719000E+03
29.20,4.16826000E+03
29.25,4.15935000E+03
29.30,4.15046500E+03
29.35,4.14160500E+03
29.40,4.13276000E+03
29.45,4.12394000E+03
29.50,4.11514000E+03
29.55,4.10636000E+03
29.60,4.09760500E+03
29.65,4.08887000E+03
29.70,4.08015500E+03
29.75,4.07146000E+03
29.80,4.06279000E+03
29.85,4.05413500E+03
29.90,4.04550500E+03
29.95,4.03689500E+03
30.00,4.02830500E+03
30.05,4.01974000E+03
30.10,4.01119000E+03
30.15,4.00266500E+03
30.20,3.99416000E+03
30.25,3.98567500E+03
30.30,3.97721000E+03
30.35,3.96876500E+03
30.40,3.96034000E+03
30.45,3.95193500E+03
30.50,3.94355000E+03
30.55,3.93518500E+03
30.60,3.92684500E+03
30.65,3.91852000E+03
30.70,3.91021500E+03
30.75,3.90193500E+03
30.80,3.89367000E+03
30.85,3.88542500E+03
30.90,3.87720500E+03
30.95,3.86900000E+03
31.00,3.86081500E+03
31.05,3.85265000E+03
31.10,3.84450500E+03
31.15,3.83638000E+03
31.20,3.82827500E+03
31.25,3.82019000E+03
31.30,3.81212000E+03
31.35,3.80407500E+03
31.40,3.79604500E+03
31.45,3.78803500E+03
31.50,3.78004500E+03
31.55,3.77207500E+03
31.60,3.76412500E+03
31.65,3.75619500E+03
31.70,3.74828000E+03
31.75,3.74038500E+03
31.80,3.73251000E+03
31.85,3.72465500E+03
31.90,3.71681500E+03
31.95,3.70899500E+03
32.00,3.70119500E+03
32.05,3.69341500E+03
32.10,3.68565000E+03
32.15,3.67790500E+03
32.20,3.67018000E+03
32.25,3.66247000E+03
32.30,3.65478000E+03
32.35,3.64711000E+03
32.40,3.63946000E+03
32.45,3.63182500E+03
32.50,3.62421000E+03
32.55,3.61661000E+03
32.60,3.60903000E+03
32.65,3.60147000E+03
32.70,3.59392500E+03
32.75,3.58640000E+03
32.80,3.57889000E+03
32.85,3.57140000E+03
32.90,3.56393000E+03
32.95,3.55647500E+03
33.00,3.54903500E+03
33.05,3.54162000E+03
33.10,3.53421500E+03
33.15,3.52683500E+03
33.20,3.51946500E+03
33.25,3.51212000E+03
33.30,3.50478500E+03
33.35,3.49747500E+03
33.40,3.49017500E+03
33.45,3.48289500E+03
33.50,3.47563500E+03
33.55,3.46839000E+03
33.60,3.46116500E+03
33.65,3.45395000E+03
33.70,3.44676000E+03
33.75,3.43958500E+03
33.80,3.43242500E+03
33.85,3.42528000E+03
33.90,3.41815500E+03
33.95,3.41104500E+03
34.00,3.40395500E+03
34.05,3.39688000E+03
34.10,3.38982000E+03
34.15,3.38278000E+03
34.20,3.37575500E+03
34.25,3.36874500E+03
34.30,3.36175500E+03
34.35,3.35478000E+03
34.40,3.34782000E+03
34.45,3.34088000E+03
34.50,3.33395500E+03
34.55,3.32704500E+03
34.60,3.32015000E+03
34.65,3.31327500E+03
34.70,3.30641000E+03
34.75,3.29957000E+03
34.80,3.29274000E+03
34.85,3.28592500E+03
34.90,3.27913000E+03
34.95,3.27235000E+03
35.00,3.26558500E+03
35.05,3.25883500E+03
35.10,3.25210500E+03
35.15,3.24538500E+03
35.20,3.23868500E+03
35.25,3.23200000E+03
35.30,3.22533000E+03
35.35,3.21867500E+03
35.40,3.21204000E+03
35.45,3.20541500E+03
35.50,3.19881000E+03
35.55,3.19221500E+03
35.60,3.18564000E+03
35.65,3.17908000E+03
35.70,3.17253500E+03
35.75,3.16600500E+03
35.80,3.15949000E+03
35.85,3.15299000E+03
35.90,3.14650500E+03
35.95,3.14003500E+03
36.00,3.13358500E+03
36.05,3.12714500E+03
36.10,3.12072000E+03
36.15,3.11431000E+03
36.20,3.10791500E+03
36.25,3.10154000E+03
36.30,3.09517500E+03
36.35,3.08882500E+03
36.40,3.08249000E+03
36.45,3.07617000E+03
36.50,3.06986500E+03
36.55,3.06357500E+03
36.60,3.05730000E+03
36.65,3.05104000E+03
36.70,3.04479500E+03
36.75,3.03856500E+03
36.80,3.03234500E+03
36.85,3.02614500E+03
36.90,3.01995500E+03
36.95,3.01378000E+03
37.00,3.00762500E+03
37.05,3.00148000E+03
37.10,2.99535000E+03
37.15,2.98923000E+03
37.20,2.98313000E+03
37.25,2.97704000E+03
37.30,2.97096500E+03
37.35,2.96491000E+03
37.40,2.95886000E+03
37.45,2.95283000E+03
37.50,2.94681500E+03
37.55,2.94081000E+03
37.60,2.93482000E+03
37.65,2.92884500E+03
37.70,2.92288000E+03
37.75,2.91693500E+03
37.80,2.91100000E+03
37.85,2.90508000E+03
37.90,2.89917500E+03
37.95,2.89328000E+03
38.00,2.88740000E+03
38.05,2.88153500E+03
38.10,2.87568000E+03
38.15,2.86984500E+03
38.20,2.86402000E+03
38.25,2.85820500E+03
38.30,2.85241000E+03
38.35,2.84662500E+03
38.40,2.84085000E+03
38.45,2.83509500E+03
38.50,2.82935000E+03
38.55,2.82361500E+03
38.60,2.81790000E+03
38.65,2.81219500E+03
38.70,2.80650000E+03
38.75,2.80082500E+03
38.80,2.79515500E+03
38.85,2.78950500E+03
38.90,2.78386500E+03
38.95,2.77824000E+03
39.00,2.77262500E+03
39.05,2.76702500E+03
39.10,2.76143500E+03
39.15,2.75586000E+03
39.20,2.75030000E+03
39.25,2.74475000E+03
39.30,2.73921000E+03
39.35,2.73369000E+03
39.40,2.72817500E+03
39.45,2.72268000E+03
39.50,2.71719000E+03
39.55,2.71172000E+03
39.60,2.70626000E+03
39.65,2.70081000E+03
39.70,2.69537500E+03
39.75,2.68995000E+03
39.80,2.68454000E+03
39.85,2.67914000E+03
39.90,2.67375500E+03
39.95,2.66838000E+03
40.00,2.66302000E+03
40.05,2.65767000E+03
40.10,2.65233500E+03
40.15,2.64701000E+03
40.20,2.64170000E+03
40.25,2.63640000E+03
40.30,2.63111000E+03
40.35,2.62583500E+03
40.40,2.62057000E+03
40.45,2.61532000E+03
40.50,2.61008000E+03
40.55,2.60485000E+03
40.60,2.59963500E+03
40.65,2.59443000E+03
40.70,2.58924000E+03
40.75,2.58406000E+03
40.80,2.57889000E+03
40.85,2.57373000E+03
40.90,2.56858500E+03
40.95,2.56345500E+03
41.00,2.55833500E+03
41.05,2.55322500E+03
41.10,2.54812500E+03
41.15,2.54304000E+03
41.20,2.53796500E+03
41.25,2.53290000E+03
41.30,2.52785000E+03
41.35,2.52280500E+03
41.40,2.51778000E+03
41.45,2.51276000E+03
41.50,2.50775500E+03
41.55,2.50276000E+03
41.60,2.49777500E+03
41.65,2.49280500E+03
41.70,2.48784500E+03
41.75,2.48289500E+03
41.80,2.47795500E+03
41.85,2.47303000E+03
41.90,2.46811500E+03
41.95,2.46321000E+03
42.00,2.45831500E+03
42.05,2.45343000E+03
42.10,2.44856000E+03
42.15,2.44370000E+03
42.20,2.43885000E+03
42.25,2.43401000E+03
42.30,2.42918500E+03
42.35,2.42437000E+03
42.40,2.41956000E+03
42.45,2.41477000E+03
42.50,2.40998500E+03
42.55,2.40521000E+03
42.60,2.40045000E+03
42.65,2.39569500E+03
42.70,2.39095500E+03
42.75,2.38622500E+03
42.80,2.38150500E+03
42.85,2.37680000E+03
42.90,2.37210000E+03
42.95,2.36741000E+03
43.00,2.36273500E+03
43.05,2.35807000E+03
43.10,2.35341500E+03
43.15,2.34876500E+03
43.20,2.34413000E+03
43.25,2.33951000E+03
43.30,2.33489500E+03
43.35,2.33029000E+03
43.40,2.32569500E+03
43.45,2.32111500E+03
43.50,2.31654000E+03
43.55,2.31198000E+03
43.60,2.30742500E+03
43.65,2.30288500E+03
43.70,2.29835500E+03
43.75,2.29383000E+03
43.80,2.28932000E+03
43.85,2.28482000E+03
43.90,2.28033000E+03
43.95,2.27584500E+03
44.00,2.27137500E+03
44.05,2.26691500E+03
44.10,2.26246500E+03
44.15,2.25802500E+03
44.20,2.25359000E+03
44.25,2.24917000E+03
44.30,2.24476000E+03
44.35,2.24036000E+03
44.40,2.23596500E+03
44.45,2.23158500E+03
44.50,2.22721500E+03
44.55,2.22285000E+03
44.60,2.21850000E+03
44.65,2.21415500E+03
44.70,2.20982500E+03
44.75,2.20550000E+03
44.80,2.20118500E+03
44.85,2.19688500E+03
44.90,2.19259000E+03
44.95,2.18830500E+03
45.00,2.18403000E+03
45.05,2.17976500E+03
45.10,2.17551000E+03
45.15,2.17126000E+03
45.20,2.16702500E+03
45.25,2.16279500E+03
45.30,2.15858000E+03
45.35,2.15437000E+03
45.40,2.15017000E+03
45.45,2.14598000E+03
45.50,2.14180000E+03
45.55,2.13763000E+03
45.60,2.13346500E+03
45.65,2.12931500E+03
45.70,2.12517000E+03
45.75,2.12103500E+03
45.80,2.11691000E+03
45.85,2.11279500E+03
45.90,2.10869000E+03
45.95,2.10459000E+03
46.00,2.10050000E+03
46.05,2.09642000E+03
46.10,2.09235000E+03
46.15,2.08829000E+03
46.20,2.08423500E+03
46.25,2.08019500E+03
46.30,2.07616000E+03
46.35,2.07213500E+03
46.40,2.06811500E+03
46.45,2.06411000E+03
46.50,2.06011000E+03
46.55,2.05612000E+03
46.60,2.05214000E+03
46.65,2.04816500E+03
46.70,2.04420500E+03
46.75,2.04025000E+03
46.80,2.03630000E+03
46.85,2.03236500E+03
46.90,2.02843500E+03
46.95,2.02451500E+03
47.00,2.02060500E+03
47.05,2.01670000E+03
47.10,2.01281000E+03
47.15,2.00892500E+03
47.20,2.00504500E+03
47.25,2.00118000E+03
47.30,1.99732000E+03
47.35,1.99346500E+03
47.40,1.98962500E+03
47.45,1.98579000E+03
47.50,1.98196500E+03
47.55,1.97814500E+03
47.60,1.97433500E+03
47.65,1.97053500E+03
47.70,1.96674500E+03
47.75,1.96296000E+03
47.80,1.95918500E+03
47.85,1.95542000E+03
47.90,1.95166000E+03
47.95,1.94791000E+03
48.00,1.94416500E+03
48.05,1.94043000E+03
48.10,1.93670500E+03
48.15,1.93298500E+03
48.20,1.92928000E+03
48.25,1.92557500E+03
48.30,1.92188500E+03
48.35,1.91819500E+03
48.40,1.91452000E+03
48.45,1.91085000E+03
48.50,1.90719000E+03
48.55,1.90353500E+03
48.60,1.89989000E+03
48.65,1.89625500E+03
48.70,1.89262500E+03
48.75,1.88900500E+03
48.80,1.88539000E+03
48.85,1.88178500E+03
48.90,1.87819000E+03
48.95,1.87460000E+03
49.00,1.87101500E+03
49.05,1.86744000E+03
49.10,1.86387500E+03
49.15,1.86032000E+03
49.20,1.85676500E+03
49.25,1.85322500E+03
49.30,1.84969000E+03
49.35,1.84616000E+03
49.40,1.84264000E+03
49.45,1.83913000E+03
49.50,1.83562500E+03
49.55,1.83213000E+03
49.60,1.82864000E+03
49.65,1.82516000E+03
49.70,1.82168500E+03
49.75,1.81822000E+03
49.80,1.81476000E+03
49.85,1.81131000E+03
49.90,1.80786500E+03
49.95,1.80443000E+03
50.00,1.80100000E+03
50.05,1.79758000E+03
50.10,1.79416500E+03
50.15,1.79076000E+03
50.20,1.78736000E+03
50.25,1.78397000E+03
50.30,1.78058500E+03
50.35,1.77720500E+03
50.40,1.77383500E+03
50.45,1.77047500E+03
50.50,1.76712000E+03
50.55,1.76377000E+03
50.60,1.76043000E+03
50.65,1.75710000E+03
50.70,1.75377000E+03
50.75,1.75045500E+03
50.80,1.74714000E+03
50.85,1.74384000E+03
50.90,1.74054000E+03
50.95,1.73725000E+03
51.00,1.73396500E+03
51.05,1.73069000E+03
51.10,1.72742500E+03
51.15,1.72416000E+03
51.20,1.72090500E+03
51.25,1.71766000E+03
51.30,1.71442000E+03
51.35,1.71118500E+03
51.40,1.70796000E+03
51.45,1.70474000E+03
51.50,1.70152500E+03
51.55,1.69832000E+03
51.60,1.69512000E+03
51.65,1.69193000E+03
51.70,1.68874500E+03
51.75,1.68556500E+03
51.80,1.68239500E+03
51.85,1.67923000E+03
51.90,1.67607000E+03
51.95,1.67292000E+03
52.00,1.66977500E+03
52.05,1.66664000E+03
52.10,1.66351000E+03
52.15,1.66038500E+03
52.20,1.65727000E+03
52.25,1.65416000E+03
52.30,1.65105500E+03
52.35,1.64795500E+03
52.40,1.64486500E+03
52.45,1.64178500E+03
52.50,1.63870500E+03
52.55,1.63563500E+03
52.60,1.63257000E+03
52.65,1.62951500E+03
52.70,1.62646500E+03
52.75,1.62342000E+03
52.80,1.62038000E+03
52.85,1.61735000E+03
52.90,1.61432500E+03
52.95,1.61130500E+03
53.00,1.60829500E+03
53.05,1.60529000E+03
53.10,1.60229000E+03
53.15,1.59930000E+03
53.20,1.59631000E+03
53.25,1.59333000E+03
53.30,1.59036000E+03
53.35,1.58739000E+03
53.40,1.58443000E+03
53.45,1.58147500E+03
53.50,1.57853000E+03
53.55,1.57559000E+03
53.60,1.57265000E+03
53.65,1.56972500E+03
53.70,1.56680000E+03
53.75,1.56388500E+03
53.80,1.56097500E+03
53.85,1.55807000E+03
53.90,1.55517000E+03
53.95,1.55228000E+03
54.00,1.54939500E+03
54.05,1.54651500E+03
54.10,1.54364000E+03
54.15,1.54077500E+03
54.20,1.53791000E+03
54.25,1.53505500E+03
54.30,1.53221000E+03
54.35,1.52936500E+03
54.40,1.52653000E+03
54.45,1.52370000E+03
54.50,1.52087500E+03
54.55,1.51805500E+03
54.60,1.51524000E+03
54.65,1.51243500E+03
54.70,1.50963500E+03
54.75,1.50684000E+03
54.80,1.50405000E+03
54.85,1.50126500E+03
54.90,1.49849000E+03
54.95,1.49572000E+03
55.00,1.49295500E+03
55.05,1.49019500E+03
55.10,1.48744000E+03
55.15,1.48469000E+03
55.20,1.48195000E+03
55.25,1.47921500E+03
55.30,1.47648500E+03
55.35,1.47376000E+03
55.40,1.47104000E+03
55.45,1.46832500E+03
55.50,1.46562000E+03
55.55,1.46291500E+03
55.60,1.46022000E+03
55.65,1.45753000E+03
55.70,1.45484500E+03
55.75,1.45217000E+03
55.80,1.44949500E+03
55.85,1.44682500E+03
55.90,1.44416500E+03
55.95,1.44151000E+03
56.00,1.43886000E+03
56.05,1.43621500E+03
56.10,1.43357500E+03
56.15,1.43094000E+03
56.20,1.42831000E+03
56.25,1.42569000E+03
56.30,1.42307000E+03
56.35,1.42046000E+03
56.40,1.41785000E+03
56.45,1.41525000E+03
56.50,1.41265500E+03
56.55,1.41006500E+03
56.60,1.40748000E+03
56.65,1.40490500E+03
56.70,1.40233000E+03
56.75,1.39976000E+03
56.80,1.39720000E+03
56.85,1.39464000E+03
56.90,1.39209000E+03
56.95,1.38954000E+03
57.00,1.38700000E+03
57.05,1.38446500E+03
57.10,1.38193500E+03
57.15,1.37941000E+03
57.20,1.37689000E+03
57.25,1.37437500E+03
57.30,1.37186500E+03
57.35,1.36936000E+03
57.40,1.36686000E+03
57.45,1.36436500E+03
57.50,1.36188000E+03
57.55,1.35939500E+03
57.60,1.35691500E+03
57.65,1.35444500E+03
57.70,1.35197500E+03
57.75,1.34951500E+03
57.80,1.34705500E+03
57.85,1.34460500E+03
57.90,1.34215500E+03
57.95,1.33971500E+03
58.00,1.33727500E+03
58.05,1.33484500E+03
58.10,1.33242000E+03
58.15,1.32999500E+03
58.20,1.32758000E+03
58.25,1.32517000E+03
58.30,1.32276000E+03
58.35,1.32036000E+03
58.40,1.31796500E+03
58.45,1.31557000E+03
58.50,1.31318500E+03
58.55,1.31080500E+03
58.60,1.30842500E+03
58.65,1.30605500E+03
58.70,1.30369000E+03
58.75,1.30132500E+03
58.80,1.29897000E+03
58.85,1.29661500E+03
58.90,1.29427000E+03
58.95,1.29192500E+03
59.00,1.28959000E+03
59.05,1.28725500E+03
59.10,1.28493000E+03
59.15,1.28260500E+03
59.20,1.28029000E+03
59.25,1.27797500E+03
59.30,1.27566500E+03
59.35,1.27336500E+03
59.40,1.27106500E+03
59.45,1.26877000E+03
59.50,1.26648000E+03
59.55,1.26419500E+03
59.60,1.26191500E+03
59.65,1.25964000E+03
59.70,1.25737000E+03
59.75,1.25510500E+03
59.80,1.25284500E+03
59.85,1.25058500E+03
59.90,1.24833500E+03
59.95,1.24609000E+03
60.00,1.24384500E+03
60.05,1.24161000E+03
60.10,1.23937500E+03
60.15,1.23714500E+03
60.20,1.23492500E+03
60.25,1.23270500E+03
60.30,1.23049000E+03
60.35,1.22828000E+03
60.40,1.22607500E+03
60.45,1.22387000E+03
60.50,1.22167500E+03
60.55,1.21948500E+03
60.60,1.21729500E+03
60.65,1.21511500E+03
60.70,1.21293500E+03
60.75,1.21076000E+03
60.80,1.20859000E+03
60.85,1.20642500E+03
60.90,1.20426500E+03
60.95,1.20211000E+03
61.00,1.19995500E+03
61.05,1.19781000E+03
61.10,1.19566500E+03
61.15,1.19353000E+03
61.20,1.19139500E+03
61.25,1.18926500E+03
61.30,1.18714000E+03
61.35,1.18502000E+03
61.40,1.18290000E+03
61.45,1.18079000E+03
61.50,1.17868000E+03
61.55,1.17658000E+03
61.60,1.17448000E+03
61.65,1.17238500E+03
61.70,1.17029500E+03
61.75,1.16820500E+03
61.80,1.16612500E+03
61.85,1.16404500E+03
61.90,1.16197500E+03
61.95,1.15990500E+03
62.00,1.15784000E+03
62.05,1.15578000E+03
62.10,1.15372000E+03
62.15,1.15167000E+03
62.20,1.14962000E+03
62.25,1.14757500E+03
62.30,1.14554000E+03
62.35,1.14350000E+03
62.40,1.14147000E+03
62.45,1.13944500E+03
62.50,1.13742000E+03
62.55,1.13540000E+03
62.60,1.13338500E+03
62.65,1.13137500E+03
62.70,1.12937000E+03
62.75,1.12736500E+03
62.80,1.12536500E+03
62.85,1.12337000E+03
62.90,1.12138000E+03
62.95,1.11939500E+03
63.00,1.11741500E+03
63.05,1.11543500E+03
63.10,1.11346000E+03
63.15,1.11149000E+03
63.20,1.10952500E+03
63.25,1.10756000E+03
63.30,1.10560500E+03
63.35,1.10365000E+03
63.40,1.10170000E+03
63.45,1.09975500E+03
63.50,1.09781000E+03
63.55,1.09587000E+03
63.60,1.09394000E+03
63.65,1.09200500E+03
63.70,1.09008000E+03
63.75,1.08816000E+03
63.80,1.08624000E+03
63.85,1.08432500E+03
63.90,1.08241500E+03
63.95,1.08050500E+03
64.00,1.07860500E+03
64.05,1.07670500E+03
64.10,1.07481000E+03
64.15,1.07291500E+03
64.20,1.07103000E+03
64.25,1.06914500E+03
64.30,1.06726500E+03
64.35,1.06538500E+03
64.40,1.06351500E+03
64.45,1.06164500E+03
64.50,1.05978000E+03
64.55,1.05792000E+03
64.60,1.05606000E+03
64.65,1.05421000E+03
64.70,1.05236000E+03
64.75,1.05051000E+03
64.80,1.04867000E+03
64.85,1.04683000E+03
64.90,1.04499500E+03
64.95,1.04316500E+03
65.00,1.04133500E+03
65.05,1.03951000E+03
65.10,1.03769000E+03
65.15,1.03587500E+03
65.20,1.03406000E+03
65.25,1.03225000E+03
65.30,1.03044500E+03
65.35,1.02864500E+03
65.40,1.02684500E+03
65.45,1.02505000E+03
65.50,1.02326000E+03
65.55,1.02147000E+03
65.60,1.01968500E+03
65.65,1.01790500E+03
65.70,1.01613000E+03
65.75,1.01435500E+03
65.80,1.01258500E+03
65.85,1.01082000E+03
65.90,1.00906000E+03
65.95,1.00730000E+03
66.00,1.00554500E+03
66.05,1.00379000E+03
66.10,1.00204000E+03
66.15,1.00029500E+03
66.20,9.98555000E+02
66.25,9.96820000E+02
66.30,9.95085000E+02
66.35,9.93350000E+02
66.40,9.91625000E+02
66.45,9.89900000E+02
66.50,9.88180000E+02
66.55,9.86460000E+02
66.60,9.84750000E+02
66.65,9.83040000E+02
66.70,9.81330000E+02
66.75,9.79630000E+02
66.80,9.77925000E+02
66.85,9.76230000E+02
66.90,9.74535000E+02
66.95,9.72845000E+02
67.00,9.71160000E+02
67.05,9.69475000E+02
67.10,9.67795000E+02
67.15,9.66120000E+02
67.20,9.64450000E+02
67.25,9.62780000E+02
67.30,9.61110000E+02
67.35,9.59450000E+02
67.40,9.57790000E+02
67.45,9.56130000E+02
67.50,9.54480000E+02
67.55,9.52830000E+02
67.60,9.51180000E+02
67.65,9.49540000E+02
67.70,9.47900000E+02
67.75,9.46260000E+02
67.80,9.44630000E+02
67.85,9.42995000E+02
67.90,9.41370000E+02
67.95,9.39745000E+02
68.00,9.38125000E+02
68.05,9.36510000E+02
68.10,9.34895000E+02
68.15,9.33285000E+02
68.20,9.31675000E+02
68.25,9.30070000E+02
68.30,9.28470000E+02
68.35,9.26870000E+02
68.40,9.25275000E+02
68.45,9.23685000E+02
68.50,9.22095000E+02
68.55,9.20510000E+02
68.60,9.18925000E+02
68.65,9.17350000E+02
68.70,9.15770000E+02
68.75,9.14200000E+02
68.80,9.12630000E+02
68.85,9.11060000E+02
68.90,9.09500000E+02
68.95,9.07935000E+02
69.00,9.06380000E+02
69.05,9.04825000E+02
69.10,9.03275000E+02
69.15,9.01725000E+02
69.20,9.00180000E+02
69.25,8.98640000E+02
69.30,8.97100000E+02
69.35,8.95565000E+02
69.40,8.94030000E+02
69.45,8.92500000E+02
69.50,8.90970000E+02
69.55,8.89450000E+02
69.60,8.87925000E+02
69.65,8.86410000E+02
69.70,8.84895000E+02
69.75,8.83380000E+02
69.80,8.81875000E+02
69.85,8.80365000E+02
69.90,8.78865000E+02
69.95,8.77365000E+02
70.00,8.75865000E+02
70.05,8.74370000E+02
70.10,8.72880000E+02
70.15,8.71390000E+02
70.20,8.69905000E+02
70.25,8.68425000E+02
70.30,8.66945000E+02
70.35,8.65470000E+02
70.40,8.63995000E+02
70.45,8.62525000E+02
70.50,8.61055000E+02
70.55,8.59590000E+02
70.60,8.58125000E+02
70.65,8.56670000E+02
70.70,8.55210000E+02
70.75,8.53760000E+02
70.80,8.52305000E+02
70.85,8.50860000E+02
70.90,8.49415000E+02
70.95,8.47970000E+02
71.00,8.46530000E+02
71.05,8.45095000E+02
71.10,8.43660000E+02
71.15,8.42230000E+02
71.20,8.40800000E+02
71.25,8.39375000E+02
71.30,8.37955000E+02
71.35,8.36535000E+02
71.40,8.35115000E+02
71.45,8.33700000E+02
71.50,8.32290000E+02
71.55,8.30880000E+02
71.60,8.29475000E+02
71.65,8.28070000E+02
71.70,8.26670000E+02
71.75,8.25275000E+02
71.80,8.23880000E+02
71.85,8.22485000E+02
71.90,8.21095000E+02
71.95,8.19710000E+02
72.00,8.18325000E+02
72.05,8.16945000E+02
72.10,8.15565000E+02
72.15,8.14190000E+02
72.20,8.12815000E+02
72.25,8.11445000E+02
72.30,8.10075000E+02
72.35,8.08710000E+02
72.40,8.07345000E+02
72.45,8.05985000E+02
72.50,8.04630000E+02
72.55,8.03275000E+02
72.60,8.01920000E+02
72.65,8.00575000E+02
72.70,7.99225000E+02
72.75,7.97880000E+02
72.80,7.96540000E+02
72.85,7.95200000E+02
72.90,7.93865000E+02
72.95,7.92530000E+02
73.00,7.91200000E+02
73.05,7.89870000E+02
73.10,7.88545000E+02
73.15,7.87220000E+02
73.20,7.85900000E+02
73.25,7.84580000E+02
73.30,7.83265000E+02
73.35,7.81950000E+02
73.40,7.80640000E+02
73.45,7.79330000E+02
73.50,7.78025000E+02
73.55,7.76720000E+02
73.60,7.75420000E+02
73.65,7.74125000E+02
73.70,7.72825000E+02
73.75,7.71535000E+02
73.80,7.70245000E+02
73.85,7.68955000E+02
73.90,7.67670000E+02
73.95,7.66385000E+02
74.00,7.65105000E+02
74.05,7.63825000E+02
74.10,7.62550000E+02
74.15,7.61275000E+02
74.20,7.60005000E+02
74.25,7.58735000E+02
74.30,7.57470000E+02
74.35,7.56210000E+02
74.40,7.54945000E+02
74.45,7.53690000E+02
74.50,7.52430000E+02
74.55,7.51175000E+02
74.60,7.49925000E+02
74.65,7.48675000E+02
74.70,7.47430000E+02
74.75,7.46185000E+02
74.80,7.44945000E+02
74.85,7.43705000E+02
74.90,7.42465000E+02
74.95,7.41230000E+02
75.00,7.40000000E+02
75.05,7.38765000E+02
75.10,7.37535000E+02
75.15,7.36310000E+02
75.20,7.35080000E+02
75.25,7.33860000E+02
75.30,7.32635000E+02
75.35,7.31420000E+02
75.40,7.30200000E+02
75.45,7.28990000E+02
75.50,7.27775000E+02
75.55,7.26565000E+02
75.60,7.25360000E+02
75.65,7.24155000E+02
75.70,7.22955000E+02
75.75,7.21755000E+02
75.80,7.20555000E+02
75.85,7.19360000E+02
75.90,7.18165000E+02
75.95,7.16975000E+02
76.00,7.15790000E+02
76.05,7.14600000E+02
76.10,7.13420000E+02
76.15,7.12235000E+02
76.20,7.11055000E+02
76.25,7.09880000E+02
76.30,7.08705000E+02
76.35,7.07535000E+02
76.40,7.06365000E+02
76.45,7.05195000E+02
76.50,7.04030000E+02
76.55,7.02865000E+02
76.60,7.01705000E+02
76.65,7.00545000E+02
76.70,6.99390000E+02
76.75,6.98235000E+02
76.80,6.97085000E+02
76.85,6.95935000E+02
76.90,6.94785000E+02
76.95,6.93640000E+02
77.00,6.92495000E+02
77.05,6.91355000E+02
77.10,6.90215000E+02
77.15,6.89080000E+02
77.20,6.87945000E+02
77.25,6.86815000E+02
77.30,6.85680000E+02
77.35,6.84555000E+02
77.40,6.83430000E+02
77.45,6.82305000E+02
77.50,6.81185000E+02
77.55,6.80065000E+02
77.60,6.78945000E+02
77.65,6.77830000E+02
77.70,6.76720000E+02
77.75,6.75610000E+02
77.80,6.74500000E+02
77.85,6.73390000E+02
77.90,6.72290000E+02
77.95,6.71185000E+02
78.00,6.70085000E+02
78.05,6.68985000E+02
78.10,6.67890000E+02
78.15,6.66795000E+02
78.20,6.65705000E+02
78.25,6.64615000E+02
78.30,6.63530000E+02
78.35,6.62445000E+02
78.40,6.61360000E+02
78.45,6.60280000E+02
78.50,6.59200000E+02
78.55,6.58120000E+02
78.60,6.57045000E+02
78.65,6.55975000E+02
78.70,6.54900000E+02
78.75,6.53835000E+02
78.80,6.52765000E+02
78.85,6.51700000E+02
78.90,6.50640000E+02
78.95,6.49575000E+02
79.00,6.48520000E+02
79.05,6.47460000E+02
79.10,6.46405000E+02
79.15,6.45355000E+02
79.20,6.44300000E+02
79.25,6.43255000E+02
79.30,6.42205000E+02
79.35,6.41160000E+02
79.40,6.40120000E+02
79.45,6.39080000E+02
79.50,6.38040000E+02
79.55,6.37000000E+02
79.60,6.35965000E+02
79.65,6.34935000E+02
79.70,6.33905000E+02
79.75,6.32875000E+02
79.80,6.31845000E+02
79.85,6.30820000E+02
79.90,6.29800000E+02
79.95,6.28775000E+02
80.00,6.27755000E+02
