1047118,4094.0000,1411.0000,1420.0000,1420.0000,1419.0000,1421.0000,1425.0000,1432.0000,37.6038,24.0246,0.0000,0.0000,2021-08-11 19:40:01
1047119,4095.0000,1411.0000,1421.0000,1419.0000,1419.0000,1422.0000,1424.0000,1433.0000,37.6160,24.0246,0.0000,0.0000,2021-08-11 19:40:05
1047120,4095.0000,1411.0000,1421.0000,1420.0000,1419.0000,1422.0000,1425.0000,1432.0000,37.6160,24.0346,0.0000,0.0000,2021-08-11 19:40:08
1047121,4094.0000,1412.0000,1419.0000,1422.0000,1419.0000,1421.0000,1426.0000,1431.0000,37.6343,24.0346,0.0000,0.0000,2021-08-11 19:40:11
1047122,4094.0000,1411.0000,1422.0000,1420.0000,1419.0000,1420.0000,1424.0000,1431.0000,37.6343,24.0246,0.0000,0.0000,2021-08-11 19:40:14
1047123,4095.0000,1411.0000,1420.0000,1422.0000,1419.0000,1423.0000,1426.0000,1432.0000,37.6343,24.0346,0.0000,0.0000,2021-08-11 19:40:18
1047124,4091.0000,1413.0000,1422.0000,1421.0000,1420.0000,1422.0000,1425.0000,1431.0000,37.6343,24.0246,0.0000,0.0000,2021-08-11 19:40:21
1047125,4095.0000,1412.0000,1420.0000,1421.0000,1419.0000,1422.0000,1424.0000,1431.0000,37.6160,24.0246,0.0000,0.0000,2021-08-11 19:40:24
1047126,4092.0000,1409.0000,1421.0000,1420.0000,1419.0000,1422.0000,1424.0000,1433.0000,37.5916,24.0145,0.0000,0.0000,2021-08-11 19:40:28
1047127,4095.0000,1412.0000,1421.0000,1420.0000,1419.0000,1421.0000,1426.0000,1431.0000,37.5732,24.0145,0.0000,0.0000,2021-08-11 19:40:31
1047128,4092.0000,1412.0000,1424.0000,1421.0000,1419.0000,1421.0000,1425.0000,1435.0000,37.5671,24.0246,0.0000,0.0000,2021-08-11 19:40:34
1047129,4094.0000,1411.0000,1422.0000,1420.0000,1420.0000,1423.0000,1425.0000,1431.0000,37.5488,24.0246,0.0000,0.0000,2021-08-11 19:40:37
1047130,4095.0000,1411.0000,1418.0000,1418.0000,1419.0000,1422.0000,1425.0000,1431.0000,37.5305,24.0246,0.0000,0.0000,2021-08-11 19:40:41
1047131,4094.0000,1411.0000,1421.0000,1420.0000,1423.0000,1420.0000,1426.0000,1430.0000,37.5122,24.0145,0.0000,0.0000,2021-08-11 19:40:44
1047132,4093.0000,1411.0000,1422.0000,1420.0000,1418.0000,1422.0000,1424.0000,1433.0000,37.5122,23.9944,0.0000,0.0000,2021-08-11 19:40:47
1047133,4095.0000,1412.0000,1421.0000,1422.0000,1419.0000,1421.0000,1425.0000,1432.0000,37.4939,24.0145,0.0000,0.0000,2021-08-11 19:40:50
1047134,4094.0000,1410.0000,1421.0000,1421.0000,1421.0000,1421.0000,1425.0000,1432.0000,37.4939,24.0145,0.0000,0.0000,2021-08-11 19:40:54
1047135,4094.0000,1410.0000,1421.0000,1421.0000,1419.0000,1422.0000,1426.0000,1430.0000,37.4939,24.0145,0.0000,0.0000,2021-08-11 19:40:57
1047136,4094.0000,1411.0000,1421.0000,1421.0000,1417.0000,1422.0000,1426.0000,1432.0000,37.4573,24.0145,0.0000,0.0000,2021-08-11 19:41:00
1047137,4094.0000,1411.0000,1422.0000,1419.0000,1420.0000,1421.0000,1426.0000,1431.0000,37.4573,24.0145,0.0000,0.0000,2021-08-11 19:41:03
1047138,4095.0000,1410.0000,1422.0000,1423.0000,1419.0000,1421.0000,1425.0000,1430.0000,37.4573,24.0145,0.0000,0.0000,2021-08-11 19:41:07
1047139,4095.0000,1412.0000,1420.0000,1415.0000,1419.0000,1421.0000,1425.0000,1431.0000,37.4573,24.0145,0.0000,0.0000,2021-08-11 19:41:11
1047140,4094.0000,1412.0000,1421.0000,1420.0000,1417.0000,1421.0000,1425.0000,1432.0000,37.4573,24.0145,0.0000,0.0000,2021-08-11 19:41:15
1047141,4092.0000,1409.0000,1423.0000,1420.0000,1419.0000,1424.0000,1426.0000,1430.0000,37.4756,24.0145,0.0000,0.0000,2021-08-11 19:41:18
1047142,4095.0000,1411.0000,1419.0000,1418.0000,1419.0000,1424.0000,1425.0000,1431.0000,37.4756,24.0145,0.0000,0.0000,2021-08-11 19:41:22
1047143,4094.0000,1411.0000,1421.0000,1421.0000,1421.0000,1421.0000,1424.0000,1431.0000,37.4756,24.0145,0.0000,0.0000,2021-08-11 19:41:25
1047144,4095.0000,1411.0000,1423.0000,1421.0000,1418.0000,1421.0000,1425.0000,1431.0000,37.4939,23.9944,0.0000,0.0000,2021-08-11 19:41:29
1047145,4094.0000,1411.0000,1423.0000,1421.0000,1419.0000,1422.0000,1425.0000,1432.0000,37.4939,23.9944,0.0000,0.0000,2021-08-11 19:41:32
1047146,4095.0000,1411.0000,1421.0000,1421.0000,1417.0000,1420.0000,1425.0000,1431.0000,37.4939,23.9944,0.0000,0.0000,2021-08-11 19:41:35
1047147,4095.0000,1412.0000,1428.0000,1421.0000,1420.0000,1423.0000,1426.0000,1431.0000,37.4939,23.9944,0.0000,0.0000,2021-08-11 19:41:39
1047148,4095.0000,1412.0000,1420.0000,1420.0000,1418.0000,1422.0000,1425.0000,1430.0000,37.4939,23.9944,0.0000,0.0000,2021-08-11 19:41:42
1047149,4095.0000,1411.0000,1421.0000,1422.0000,1419.0000,1422.0000,1425.0000,1431.0000,37.5122,23.9843,0.0000,0.0000,2021-08-11 19:41:45
1047150,4095.0000,1412.0000,1420.0000,1420.0000,1419.0000,1421.0000,1426.0000,1431.0000,37.5122,23.9843,0.0000,0.0000,2021-08-11 19:41:49
1047151,4093.0000,1412.0000,1421.0000,1420.0000,1419.0000,1422.0000,1426.0000,1432.0000,37.5122,23.9843,0.0000,0.0000,2021-08-11 19:41:52
1047152,4093.0000,1412.0000,1421.0000,1425.0000,1419.0000,1422.0000,1425.0000,1431.0000,37.5244,23.9843,0.0000,0.0000,2021-08-11 19:41:55
1047153,4094.0000,1411.0000,1421.0000,1420.0000,1420.0000,1422.0000,1427.0000,1432.0000,37.5244,23.9944,0.0000,0.0000,2021-08-11 19:41:58
1047154,4094.0000,1412.0000,1415.0000,1420.0000,1420.0000,1422.0000,1425.0000,1431.0000,37.5244,23.9944,0.0000,0.0000,2021-08-11 19:42:02
1047155,4094.0000,1412.0000,1423.0000,1421.0000,1419.0000,1422.0000,1426.0000,1431.0000,37.5244,23.9843,0.0000,0.0000,2021-08-11 19:42:05
1047156,4094.0000,1413.0000,1414.0000,1418.0000,1418.0000,1421.0000,1425.0000,1432.0000,37.5244,23.9843,0.0000,0.0000,2021-08-11 19:42:08
1047157,4092.0000,1411.0000,1422.0000,1419.0000,1420.0000,1422.0000,1425.0000,1432.0000,37.5244,23.9843,0.0000,0.0000,2021-08-11 19:42:11
1047158,4093.0000,1409.0000,1422.0000,1420.0000,1418.0000,1422.0000,1425.0000,1431.0000,37.5244,23.9944,0.0000,0.0000,2021-08-11 19:42:15
1047159,4093.0000,1412.0000,1421.0000,1420.0000,1419.0000,1422.0000,1425.0000,1433.0000,37.5427,23.9843,0.0000,0.0000,2021-08-11 19:42:18
1047160,4095.0000,1404.0000,1421.0000,1421.0000,1419.0000,1421.0000,1426.0000,1431.0000,37.5244,23.9944,0.0000,0.0000,2021-08-11 19:42:21
1047161,4095.0000,1412.0000,1421.0000,1418.0000,1420.0000,1421.0000,1425.0000,1433.0000,37.5427,23.9944,0.0000,0.0000,2021-08-11 19:42:24
1047162,4094.0000,1411.0000,1421.0000,1420.0000,1414.0000,1421.0000,1425.0000,1431.0000,37.5427,23.9944,0.0000,0.0000,2021-08-11 19:42:28
1047163,4095.0000,1412.0000,1421.0000,1420.0000,1418.0000,1420.0000,1424.0000,1431.0000,37.5427,23.9843,0.0000,0.0000,2021-08-11 19:42:31
1047164,4095.0000,1411.0000,1420.0000,1420.0000,1418.0000,1423.0000,1426.0000,1432.0000,37.5549,23.9944,0.0000,0.0000,2021-08-11 19:42:34
1047165,4094.0000,1412.0000,1421.0000,1421.0000,1419.0000,1421.0000,1425.0000,1432.0000,37.5549,23.9843,0.0000,0.0000,2021-08-11 19:42:37
1047166,4095.0000,1411.0000,1421.0000,1421.0000,1419.0000,1422.0000,1427.0000,1431.0000,37.5549,23.9843,0.0000,0.0000,2021-08-11 19:42:41
1047167,4093.0000,1412.0000,1421.0000,1420.0000,1419.0000,1422.0000,1425.0000,1427.0000,37.5732,23.9944,0.0000,0.0000,2021-08-11 19:42:44
1047168,4095.0000,1411.0000,1420.0000,1421.0000,1419.0000,1423.0000,1426.0000,1432.0000,37.5732,23.9843,0.0000,0.0000,2021-08-11 19:42:47
1047169,4094.0000,1412.0000,1421.0000,1421.0000,1418.0000,1423.0000,1425.0000,1431.0000,37.5854,23.9641,0.0000,0.0000,2021-08-11 19:42:51
1047170,4095.0000,1411.0000,1422.0000,1420.0000,1418.0000,1421.0000,1427.0000,1431.0000,37.6038,23.9541,0.0000,0.0000,2021-08-11 19:42:54
1047171,4094.0000,1412.0000,1422.0000,1420.0000,1419.0000,1421.0000,1424.0000,1431.0000,37.6160,23.9541,0.0000,0.0000,2021-08-11 19:42:57
1047172,4093.0000,1411.0000,1415.0000,1420.0000,1418.0000,1423.0000,1424.0000,1431.0000,37.6343,23.9440,0.0000,0.0000,2021-08-11 19:43:00
1047173,4095.0000,1411.0000,1421.0000,1420.0000,1419.0000,1421.0000,1425.0000,1431.0000,37.6465,23.9440,0.0000,0.0000,2021-08-11 19:43:04
1047174,4094.0000,1413.0000,1421.0000,1420.0000,1419.0000,1421.0000,1425.0000,1432.0000,37.6648,23.9541,0.0000,0.0000,2021-08-11 19:43:07
1047175,4094.0000,1412.0000,1421.0000,1418.0000,1419.0000,1420.0000,1424.0000,1431.0000,37.6831,23.9541,0.0000,0.0000,2021-08-11 19:43:11
1047176,4094.0000,1414.0000,1422.0000,1419.0000,1419.0000,1421.0000,1425.0000,1431.0000,37.6953,23.9440,0.0000,0.0000,2021-08-11 19:43:14
1047177,4095.0000,1411.0000,1421.0000,1421.0000,1419.0000,1421.0000,1425.0000,1432.0000,37.7136,23.9541,0.0000,0.0000,2021-08-11 19:43:18
1047178,4094.0000,1418.0000,1416.0000,1419.0000,1418.0000,1422.0000,1425.0000,1431.0000,37.7319,23.9541,0.0000,0.0000,2021-08-11 19:43:21
1047179,4094.0000,1413.0000,1421.0000,1421.0000,1419.0000,1421.0000,1425.0000,1431.0000,37.7502,23.9541,0.0000,0.0000,2021-08-11 19:43:25
1047180,4095.0000,1412.0000,1421.0000,1420.0000,1419.0000,1421.0000,1425.0000,1435.0000,37.7686,23.9641,0.0000,0.0000,2021-08-11 19:43:28
1047181,4095.0000,1411.0000,1421.0000,1422.0000,1418.0000,1421.0000,1426.0000,1431.0000,37.7686,23.9541,0.0000,0.0000,2021-08-11 19:43:32
1047182,4094.0000,1412.0000,1421.0000,1420.0000,1418.0000,1422.0000,1425.0000,1432.0000,37.7808,23.9641,0.0000,0.0000,2021-08-11 19:43:35
1047183,4095.0000,1411.0000,1421.0000,1419.0000,1419.0000,1421.0000,1424.0000,1432.0000,37.7808,23.9641,0.0000,0.0000,2021-08-11 19:43:38
1047184,4091.0000,1415.0000,1420.0000,1420.0000,1418.0000,1422.0000,1426.0000,1432.0000,37.7808,23.9641,0.0000,0.0000,2021-08-11 19:43:41
1047185,4093.0000,1414.0000,1419.0000,1421.0000,1421.0000,1422.0000,1425.0000,1431.0000,37.7991,23.9641,0.0000,0.0000,2021-08-11 19:43:45
1047186,4095.0000,1411.0000,1421.0000,1419.0000,1419.0000,1422.0000,1426.0000,1432.0000,37.7991,23.9541,0.0000,0.0000,2021-08-11 19:43:48
1047187,4095.0000,1411.0000,1421.0000,1420.0000,1419.0000,1421.0000,1425.0000,1431.0000,37.7991,23.9641,0.0000,0.0000,2021-08-11 19:43:51
1047188,4095.0000,1410.0000,1421.0000,1418.0000,1419.0000,1422.0000,1426.0000,1430.0000,37.7991,23.9641,0.0000,0.0000,2021-08-11 19:43:55
1047189,4093.0000,1410.0000,1419.0000,1420.0000,1417.0000,1422.0000,1425.0000,1431.0000,37.8174,23.9641,0.0000,0.0000,2021-08-11 19:43:58
1047190,4095.0000,1411.0000,1420.0000,1421.0000,1419.0000,1422.0000,1426.0000,1433.0000,37.8174,23.9641,0.0000,0.0000,2021-08-11 19:44:01
1047191,4094.0000,1411.0000,1421.0000,1421.0000,1419.0000,1422.0000,1423.0000,1430.0000,37.8357,23.9641,0.0000,0.0000,2021-08-11 19:44:04
1047192,4094.0000,1411.0000,1418.0000,1418.0000,1418.0000,1422.0000,1426.0000,1431.0000,37.8174,23.9641,0.0000,0.0000,2021-08-11 19:44:08
1047193,4095.0000,1412.0000,1420.0000,1419.0000,1419.0000,1422.0000,1425.0000,1431.0000,37.8174,23.9641,0.0000,0.0000,2021-08-11 19:44:11
1047194,4094.0000,1411.0000,1421.0000,1418.0000,1418.0000,1421.0000,1426.0000,1432.0000,37.8174,23.9641,0.0000,0.0000,2021-08-11 19:44:14
1047195,4094.0000,1409.0000,1421.0000,1420.0000,1419.0000,1422.0000,1426.0000,1431.0000,37.8235,23.9843,0.0000,0.0000,2021-08-11 19:44:18
1047196,4093.0000,1414.0000,1421.0000,1420.0000,1417.0000,1422.0000,1424.0000,1430.0000,37.8235,23.9843,0.0000,0.0000,2021-08-11 19:44:21
1047197,4095.0000,1411.0000,1421.0000,1420.0000,1418.0000,1422.0000,1425.0000,1431.0000,37.8174,23.9641,0.0000,0.0000,2021-08-11 19:44:24
1047198,4094.0000,1411.0000,1421.0000,1420.0000,1420.0000,1421.0000,1425.0000,1430.0000,37.8174,23.9641,0.0000,0.0000,2021-08-11 19:44:27
1047199,4092.0000,1409.0000,1421.0000,1420.0000,1419.0000,1421.0000,1426.0000,1431.0000,37.8418,23.9843,0.0000,0.0000,2021-08-11 19:44:31
1047200,4092.0000,1410.0000,1422.0000,1420.0000,1418.0000,1422.0000,1425.0000,1431.0000,37.8479,23.9641,0.0000,0.0000,2021-08-11 19:44:34
1047201,4095.0000,1411.0000,1421.0000,1418.0000,1419.0000,1421.0000,1425.0000,1431.0000,37.8479,23.9641,0.0000,0.0000,2021-08-11 19:44:37
1047202,4095.0000,1412.0000,1423.0000,1418.0000,1420.0000,1422.0000,1425.0000,1431.0000,37.8723,23.9843,0.0000,0.0000,2021-08-11 19:44:40
1047203,4088.0000,1411.0000,1421.0000,1420.0000,1420.0000,1422.0000,1425.0000,1431.0000,37.8723,23.9843,0.0000,0.0000,2021-08-11 19:44:44
1047204,4094.0000,1411.0000,1420.0000,1421.0000,1419.0000,1421.0000,1427.0000,1432.0000,37.8906,23.9843,0.0000,0.0000,2021-08-11 19:44:47
1047205,4095.0000,1412.0000,1419.0000,1422.0000,1419.0000,1422.0000,1426.0000,1431.0000,37.8906,23.9843,0.0000,0.0000,2021-08-11 19:44:50
1047206,4094.0000,1408.0000,1419.0000,1420.0000,1419.0000,1422.0000,1425.0000,1431.0000,37.8906,23.9843,0.0000,0.0000,2021-08-11 19:44:53
1047207,4094.0000,1412.0000,1419.0000,1422.0000,1419.0000,1422.0000,1425.0000,1432.0000,37.9089,23.9843,0.0000,0.0000,2021-08-11 19:44:57
1047208,4094.0000,1412.0000,1421.0000,1423.0000,1419.0000,1423.0000,1426.0000,1431.0000,37.8967,23.9641,0.0000,0.0000,2021-08-11 19:45:00
1047209,4094.0000,1411.0000,1421.0000,1421.0000,1420.0000,1421.0000,1425.0000,1431.0000,37.9089,23.9843,0.0000,0.0000,2021-08-11 19:45:03
1047210,4094.0000,1406.0000,1420.0000,1420.0000,1419.0000,1422.0000,1425.0000,1432.0000,37.8967,23.9641,0.0000,0.0000,2021-08-11 19:45:06
1047211,4095.0000,1410.0000,1419.0000,1420.0000,1420.0000,1422.0000,1425.0000,1431.0000,37.9272,23.9944,0.0000,0.0000,2021-08-11 19:45:10
1047212,4095.0000,1409.0000,1422.0000,1419.0000,1419.0000,1421.0000,1424.0000,1432.0000,37.9272,23.9843,0.0000,0.0000,2021-08-11 19:45:13
1047213,4094.0000,1411.0000,1422.0000,1420.0000,1420.0000,1422.0000,1425.0000,1431.0000,37.9456,23.9944,0.0000,0.0000,2021-08-11 19:45:16
1047214,4095.0000,1411.0000,1421.0000,1420.0000,1418.0000,1420.0000,1425.0000,1431.0000,37.9456,23.9843,0.0000,0.0000,2021-08-11 19:45:20
1047215,4094.0000,1413.0000,1419.0000,1420.0000,1419.0000,1420.0000,1425.0000,1432.0000,37.9456,23.9944,0.0000,0.0000,2021-08-11 19:45:23
1047216,4095.0000,1412.0000,1423.0000,1420.0000,1419.0000,1422.0000,1425.0000,1431.0000,37.9517,23.9944,0.0000,0.0000,2021-08-11 19:45:26
1047217,4094.0000,1419.0000,1422.0000,1420.0000,1421.0000,1422.0000,1425.0000,1430.0000,37.9517,23.9843,0.0000,0.0000,2021-08-11 19:45:29
1047218,4094.0000,1411.0000,1421.0000,1422.0000,1418.0000,1421.0000,1426.0000,1431.0000,37.9517,23.9944,0.0000,0.0000,2021-08-11 19:45:33
1047219,4095.0000,1409.0000,1421.0000,1420.0000,1419.0000,1422.0000,1424.0000,1431.0000,37.9700,24.0145,0.0000,0.0000,2021-08-11 19:45:36
1047220,4095.0000,1412.0000,1421.0000,1422.0000,1419.0000,1421.0000,1424.0000,1432.0000,37.9700,23.9944,0.0000,0.0000,2021-08-11 19:45:39
1047221,4095.0000,1411.0000,1427.0000,1423.0000,1418.0000,1422.0000,1425.0000,1431.0000,37.9700,24.0145,0.0000,0.0000,2021-08-11 19:45:43
1047222,4095.0000,1415.0000,1421.0000,1420.0000,1420.0000,1422.0000,1425.0000,1431.0000,37.9700,23.9944,0.0000,0.0000,2021-08-11 19:45:46
1047223,4095.0000,1412.0000,1421.0000,1419.0000,1420.0000,1420.0000,1426.0000,1432.0000,37.9700,23.9944,0.0000,0.0000,2021-08-11 19:45:49
1047224,4094.0000,1411.0000,1422.0000,1423.0000,1420.0000,1422.0000,1425.0000,1432.0000,37.9883,23.9843,0.0000,0.0000,2021-08-11 19:45:52
1047225,4095.0000,1412.0000,1421.0000,1421.0000,1419.0000,1422.0000,1425.0000,1431.0000,37.9883,24.0145,0.0000,0.0000,2021-08-11 19:45:56
1047226,4095.0000,1413.0000,1421.0000,1421.0000,1419.0000,1421.0000,1425.0000,1430.0000,37.9883,24.0145,0.0000,0.0000,2021-08-11 19:45:59
1047227,4094.0000,1411.0000,1421.0000,1420.0000,1419.0000,1422.0000,1425.0000,1431.0000,38.0066,24.0145,0.0000,0.0000,2021-08-11 19:46:02
1047228,4094.0000,1412.0000,1421.0000,1420.0000,1418.0000,1422.0000,1426.0000,1431.0000,38.0066,23.9944,0.0000,0.0000,2021-08-11 19:46:05
1047229,4094.0000,1412.0000,1420.0000,1420.0000,1419.0000,1421.0000,1425.0000,1431.0000,38.0249,24.0145,0.0000,0.0000,2021-08-11 19:46:09
1047230,4094.0000,1411.0000,1421.0000,1419.0000,1419.0000,1422.0000,1426.0000,1432.0000,38.0371,24.0246,0.0000,0.0000,2021-08-11 19:46:12
1047231,4094.0000,1411.0000,1423.0000,1419.0000,1419.0000,1422.0000,1425.0000,1431.0000,38.0249,24.0145,0.0000,0.0000,2021-08-11 19:46:15
1047232,4093.0000,1412.0000,1421.0000,1419.0000,1419.0000,1422.0000,1425.0000,1430.0000,38.0249,24.0145,0.0000,0.0000,2021-08-11 19:46:18
1047233,4094.0000,1411.0000,1419.0000,1420.0000,1419.0000,1421.0000,1426.0000,1432.0000,38.0432,24.0145,0.0000,0.0000,2021-08-11 19:46:22
1047234,4094.0000,1411.0000,1421.0000,1421.0000,1419.0000,1422.0000,1425.0000,1431.0000,38.0432,24.0246,0.0000,0.0000,2021-08-11 19:46:25
1047235,4095.0000,1412.0000,1422.0000,1419.0000,1418.0000,1422.0000,1426.0000,1431.0000,38.0432,24.0246,0.0000,0.0000,2021-08-11 19:46:28
1047236,4094.0000,1412.0000,1419.0000,1420.0000,1419.0000,1422.0000,1427.0000,1432.0000,38.0554,24.0145,0.0000,0.0000,2021-08-11 19:46:32
1047237,4095.0000,1412.0000,1421.0000,1421.0000,1419.0000,1421.0000,1426.0000,1431.0000,38.0798,24.0246,0.0000,0.0000,2021-08-11 19:46:35
1047238,4094.0000,1412.0000,1421.0000,1420.0000,1420.0000,1422.0000,1425.0000,1431.0000,38.0798,24.0246,0.0000,0.0000,2021-08-11 19:46:38
1047239,4094.0000,1412.0000,1421.0000,1414.0000,1419.0000,1422.0000,1424.0000,1431.0000,38.0798,24.0246,0.0000,0.0000,2021-08-11 19:46:42
1047240,4094.0000,1411.0000,1421.0000,1420.0000,1419.0000,1422.0000,1425.0000,1431.0000,38.0798,24.0346,0.0000,0.0000,2021-08-11 19:46:45
1047241,4093.0000,1411.0000,1419.0000,1422.0000,1420.0000,1420.0000,1425.0000,1431.0000,38.0615,24.0346,0.0000,0.0000,2021-08-11 19:46:48
1047242,4094.0000,1410.0000,1421.0000,1420.0000,1418.0000,1422.0000,1425.0000,1431.0000,38.0615,24.0246,0.0000,0.0000,2021-08-11 19:46:51
1047243,4094.0000,1411.0000,1421.0000,1420.0000,1419.0000,1419.0000,1426.0000,1431.0000,38.0798,24.0346,0.0000,0.0000,2021-08-11 19:46:54
1047244,4095.0000,1413.0000,1422.0000,1420.0000,1420.0000,1421.0000,1426.0000,1431.0000,38.0798,24.0246,0.0000,0.0000,2021-08-11 19:46:58
1047245,4094.0000,1411.0000,1421.0000,1420.0000,1419.0000,1421.0000,1426.0000,1430.0000,38.0798,24.0548,0.0000,0.0000,2021-08-11 19:47:01
1047246,4094.0000,1412.0000,1421.0000,1421.0000,1417.0000,1421.0000,1425.0000,1432.0000,38.0798,24.0346,0.0000,0.0000,2021-08-11 19:47:04
1047247,4095.0000,1411.0000,1421.0000,1420.0000,1419.0000,1422.0000,1427.0000,1431.0000,38.0615,24.0548,0.0000,0.0000,2021-08-11 19:47:07
1047248,4094.0000,1411.0000,1421.0000,1421.0000,1419.0000,1421.0000,1426.0000,1429.0000,38.0615,24.0346,0.0000,0.0000,2021-08-11 19:47:11
1047249,4095.0000,1411.0000,1420.0000,1422.0000,1419.0000,1423.0000,1426.0000,1430.0000,38.0798,24.0346,0.0000,0.0000,2021-08-11 19:47:14
1047250,4095.0000,1411.0000,1427.0000,1420.0000,1419.0000,1421.0000,1425.0000,1428.0000,38.0798,24.0548,0.0000,0.0000,2021-08-11 19:47:17
1047251,4095.0000,1411.0000,1421.0000,1420.0000,1417.0000,1420.0000,1424.0000,1431.0000,38.0615,24.0548,0.0000,0.0000,2021-08-11 19:47:20
1047252,4095.0000,1418.0000,1421.0000,1420.0000,1418.0000,1422.0000,1425.0000,1432.0000,38.0798,24.0548,0.0000,0.0000,2021-08-11 19:47:24
1047253,4095.0000,1412.0000,1421.0000,1420.0000,1421.0000,1422.0000,1425.0000,1431.0000,38.0798,24.0346,0.0000,0.0000,2021-08-11 19:47:27
1047254,4095.0000,1409.0000,1421.0000,1420.0000,1419.0000,1423.0000,1425.0000,1433.0000,38.0798,24.0346,0.0000,0.0000,2021-08-11 19:47:30
1047255,4091.0000,1412.0000,1421.0000,1423.0000,1420.0000,1423.0000,1425.0000,1431.0000,38.0798,24.0548,0.0000,0.0000,2021-08-11 19:47:33
1047256,4093.0000,1411.0000,1417.0000,1421.0000,1419.0000,1422.0000,1425.0000,1430.0000,38.0798,24.0548,0.0000,0.0000,2021-08-11 19:47:37
1047257,4094.0000,1409.0000,1421.0000,1419.0000,1419.0000,1422.0000,1425.0000,1431.0000,38.0798,24.0548,0.0000,0.0000,2021-08-11 19:47:40
1047258,4092.0000,1411.0000,1422.0000,1420.0000,1419.0000,1422.0000,1425.0000,1431.0000,38.0798,24.0548,0.0000,0.0000,2021-08-11 19:47:43
1047259,4095.0000,1412.0000,1421.0000,1419.0000,1419.0000,1422.0000,1426.0000,1430.0000,38.0920,24.0649,0.0000,0.0000,2021-08-11 19:47:47
1047260,4095.0000,1411.0000,1421.0000,1420.0000,1418.0000,1421.0000,1425.0000,1431.0000,38.0981,24.0548,0.0000,0.0000,2021-08-11 19:47:50
1047261,4095.0000,1411.0000,1422.0000,1418.0000,1419.0000,1421.0000,1425.0000,1430.0000,38.0981,24.0548,0.0000,0.0000,2021-08-11 19:47:53
1047262,4094.0000,1410.0000,1421.0000,1420.0000,1419.0000,1422.0000,1425.0000,1432.0000,38.0981,24.0548,0.0000,0.0000,2021-08-11 19:47:56
1047263,4095.0000,1411.0000,1422.0000,1420.0000,1420.0000,1421.0000,1426.0000,1431.0000,38.1104,24.0649,0.0000,0.0000,2021-08-11 19:48:00
1047264,4094.0000,1412.0000,1421.0000,1420.0000,1421.0000,1422.0000,1424.0000,1432.0000,38.1104,24.0749,0.0000,0.0000,2021-08-11 19:48:03
1047265,4095.0000,1412.0000,1422.0000,1420.0000,1420.0000,1421.0000,1425.0000,1430.0000,38.1104,24.0649,0.0000,0.0000,2021-08-11 19:48:06
1047266,4093.0000,1411.0000,1421.0000,1420.0000,1419.0000,1422.0000,1425.0000,1431.0000,38.1104,24.0649,0.0000,0.0000,2021-08-11 19:48:09
1047267,4094.0000,1411.0000,1420.0000,1426.0000,1421.0000,1421.0000,1426.0000,1431.0000,38.0920,24.0749,0.0000,0.0000,2021-08-11 19:48:13
1047268,4095.0000,1411.0000,1421.0000,1421.0000,1419.0000,1423.0000,1426.0000,1431.0000,38.1104,24.0649,0.0000,0.0000,2021-08-11 19:48:16
1047269,4095.0000,1411.0000,1422.0000,1420.0000,1417.0000,1423.0000,1425.0000,1432.0000,38.0920,24.0749,0.0000,0.0000,2021-08-11 19:48:19
1047270,4093.0000,1411.0000,1421.0000,1422.0000,1419.0000,1422.0000,1425.0000,1430.0000,38.0920,24.0951,0.0000,0.0000,2021-08-11 19:48:23
1047271,4095.0000,1412.0000,1422.0000,1423.0000,1419.0000,1423.0000,1425.0000,1431.0000,38.0920,24.0749,0.0000,0.0000,2021-08-11 19:48:26
1047272,4095.0000,1411.0000,1421.0000,1420.0000,1419.0000,1422.0000,1425.0000,1430.0000,38.0920,24.0951,0.0000,0.0000,2021-08-11 19:48:29
1047273,4095.0000,1410.0000,1422.0000,1421.0000,1419.0000,1421.0000,1425.0000,1430.0000,38.0920,24.0951,0.0000,0.0000,2021-08-11 19:48:32
1047274,4095.0000,1414.0000,1420.0000,1419.0000,1420.0000,1422.0000,1426.0000,1431.0000,38.0920,24.0749,0.0000,0.0000,2021-08-11 19:48:36
1047275,4095.0000,1412.0000,1422.0000,1420.0000,1419.0000,1421.0000,1425.0000,1430.0000,38.0920,24.0749,0.0000,0.0000,2021-08-11 19:48:39
1047276,4095.0000,1414.0000,1422.0000,1419.0000,1419.0000,1422.0000,1425.0000,1434.0000,38.0920,24.0749,0.0000,0.0000,2021-08-11 19:48:42
1047277,4093.0000,1413.0000,1419.0000,1421.0000,1419.0000,1423.0000,1425.0000,1431.0000,38.0920,24.0749,0.0000,0.0000,2021-08-11 19:48:45
1047278,4095.0000,1411.0000,1421.0000,1421.0000,1419.0000,1421.0000,1426.0000,1431.0000,38.0920,24.0749,0.0000,0.0000,2021-08-11 19:48:49
1047279,4095.0000,1412.0000,1422.0000,1420.0000,1418.0000,1421.0000,1425.0000,1431.0000,38.1104,24.0749,0.0000,0.0000,2021-08-11 19:48:52
1047280,4094.0000,1411.0000,1421.0000,1420.0000,1418.0000,1421.0000,1425.0000,1431.0000,38.1104,24.0951,0.0000,0.0000,2021-08-11 19:48:56
1047281,4094.0000,1412.0000,1419.0000,1423.0000,1420.0000,1422.0000,1425.0000,1431.0000,38.1104,24.0951,0.0000,0.0000,2021-08-11 19:48:59
1047282,4095.0000,1411.0000,1423.0000,1421.0000,1420.0000,1421.0000,1425.0000,1430.0000,38.1104,24.0749,0.0000,0.0000,2021-08-11 19:49:03
1047283,4095.0000,1411.0000,1421.0000,1420.0000,1419.0000,1421.0000,1426.0000,1429.0000,38.1104,24.0951,0.0000,0.0000,2021-08-11 19:49:07
1047284,4092.0000,1409.0000,1421.0000,1420.0000,1419.0000,1422.0000,1425.0000,1430.0000,38.1104,24.0951,0.0000,0.0000,2021-08-11 19:49:10
1047285,4094.0000,1409.0000,1421.0000,1420.0000,1417.0000,1423.0000,1426.0000,1431.0000,38.0920,24.0749,0.0000,0.0000,2021-08-11 19:49:13
1047286,4094.0000,1411.0000,1421.0000,1422.0000,1419.0000,1422.0000,1425.0000,1432.0000,38.0737,24.0951,0.0000,0.0000,2021-08-11 19:49:17
1047287,4095.0000,1411.0000,1421.0000,1420.0000,1419.0000,1421.0000,1426.0000,1430.0000,38.0615,24.1051,0.0000,0.0000,2021-08-11 19:49:20
1047288,4094.0000,1411.0000,1422.0000,1420.0000,1419.0000,1422.0000,1425.0000,1435.0000,38.0432,24.0951,0.0000,0.0000,2021-08-11 19:49:23
1047289,4094.0000,1412.0000,1421.0000,1420.0000,1419.0000,1420.0000,1427.0000,1431.0000,38.0188,24.1051,0.0000,0.0000,2021-08-11 19:49:27
1047290,4095.0000,1412.0000,1421.0000,1421.0000,1420.0000,1422.0000,1425.0000,1431.0000,38.0188,24.1051,0.0000,0.0000,2021-08-11 19:49:30
1047291,4095.0000,1412.0000,1420.0000,1420.0000,1420.0000,1422.0000,1425.0000,1431.0000,38.0188,24.1051,0.0000,0.0000,2021-08-11 19:49:33
1047292,4095.0000,1411.0000,1419.0000,1421.0000,1420.0000,1427.0000,1424.0000,1430.0000,38.0188,24.1253,0.0000,0.0000,2021-08-11 19:49:37
1047293,4094.0000,1413.0000,1421.0000,1421.0000,1420.0000,1422.0000,1425.0000,1430.0000,38.0188,24.1354,0.0000,0.0000,2021-08-11 19:49:40
1047294,4095.0000,1412.0000,1421.0000,1421.0000,1419.0000,1423.0000,1425.0000,1430.0000,38.0188,24.1253,0.0000,0.0000,2021-08-11 19:49:43
1047295,4095.0000,1411.0000,1421.0000,1420.0000,1419.0000,1422.0000,1426.0000,1430.0000,38.0005,24.1253,0.0000,0.0000,2021-08-11 19:49:46
1047296,4095.0000,1411.0000,1421.0000,1422.0000,1419.0000,1421.0000,1426.0000,1431.0000,38.0005,24.1253,0.0000,0.0000,2021-08-11 19:49:50
1047297,4094.0000,1412.0000,1420.0000,1420.0000,1419.0000,1422.0000,1424.0000,1431.0000,38.0005,24.1253,0.0000,0.0000,2021-08-11 19:49:53
1047298,4094.0000,1411.0000,1414.0000,1420.0000,1419.0000,1422.0000,1425.0000,1430.0000,37.9822,24.1253,0.0000,0.0000,2021-08-11 19:49:56
1047299,4094.0000,1412.0000,1420.0000,1421.0000,1420.0000,1422.0000,1425.0000,1432.0000,37.9639,24.1253,0.0000,0.0000,2021-08-11 19:49:59
1047300,4094.0000,1412.0000,1421.0000,1421.0000,1419.0000,1422.0000,1425.0000,1430.0000,37.9639,24.1253,0.0000,0.0000,2021-08-11 19:50:03
1047301,4095.0000,1411.0000,1422.0000,1422.0000,1419.0000,1423.0000,1425.0000,1431.0000,37.9639,24.1354,0.0000,0.0000,2021-08-11 19:50:06
1047302,4095.0000,1411.0000,1421.0000,1420.0000,1418.0000,1422.0000,1426.0000,1430.0000,37.9517,24.1354,0.0000,0.0000,2021-08-11 19:50:09
1047303,4094.0000,1412.0000,1421.0000,1421.0000,1420.0000,1421.0000,1423.0000,1431.0000,37.9333,24.1354,0.0000,0.0000,2021-08-11 19:50:12
1047304,4095.0000,1414.0000,1421.0000,1420.0000,1420.0000,1422.0000,1426.0000,1433.0000,37.9150,24.1253,0.0000,0.0000,2021-08-11 19:50:15
1047305,4094.0000,1405.0000,1421.0000,1420.0000,1419.0000,1422.0000,1426.0000,1430.0000,37.8967,24.1253,0.0000,0.0000,2021-08-11 19:50:19
1047306,4092.0000,1412.0000,1421.0000,1421.0000,1420.0000,1423.0000,1427.0000,1430.0000,37.8967,24.1253,0.0000,0.0000,2021-08-11 19:50:22
1047307,4094.0000,1411.0000,1420.0000,1421.0000,1418.0000,1422.0000,1425.0000,1432.0000,37.8784,24.1354,0.0000,0.0000,2021-08-11 19:50:25
1047308,4095.0000,1411.0000,1420.0000,1419.0000,1417.0000,1422.0000,1427.0000,1430.0000,37.8662,24.1253,0.0000,0.0000,2021-08-11 19:50:28
1047309,4094.0000,1411.0000,1421.0000,1420.0000,1419.0000,1422.0000,1425.0000,1430.0000,37.8662,24.1354,0.0000,0.0000,2021-08-11 19:50:32
1047310,4094.0000,1412.0000,1421.0000,1422.0000,1419.0000,1420.0000,1426.0000,1431.0000,37.8662,24.1354,0.0000,0.0000,2021-08-11 19:50:35
1047311,4095.0000,1412.0000,1421.0000,1421.0000,1421.0000,1421.0000,1425.0000,1430.0000,37.8662,24.1354,0.0000,0.0000,2021-08-11 19:50:38
1047312,4094.0000,1413.0000,1421.0000,1421.0000,1419.0000,1423.0000,1426.0000,1431.0000,37.8479,24.1253,0.0000,0.0000,2021-08-11 19:50:41
1047313,4094.0000,1412.0000,1421.0000,1420.0000,1419.0000,1421.0000,1424.0000,1432.0000,37.8357,24.1354,0.0000,0.0000,2021-08-11 19:50:45
1047314,4095.0000,1412.0000,1423.0000,1420.0000,1419.0000,1421.0000,1425.0000,1431.0000,37.7991,24.1354,0.0000,0.0000,2021-08-11 19:50:48
1047315,4094.0000,1412.0000,1421.0000,1420.0000,1419.0000,1422.0000,1425.0000,1430.0000,37.7686,24.1354,0.0000,0.0000,2021-08-11 19:50:51
1047316,4095.0000,1410.0000,1419.0000,1419.0000,1419.0000,1422.0000,1426.0000,1430.0000,37.7502,24.1354,0.0000,0.0000,2021-08-11 19:50:55
1047317,4095.0000,1411.0000,1421.0000,1418.0000,1419.0000,1421.0000,1426.0000,1431.0000,37.7319,24.1354,0.0000,0.0000,2021-08-11 19:50:58
1047318,4095.0000,1412.0000,1421.0000,1420.0000,1419.0000,1422.0000,1426.0000,1431.0000,37.6953,24.1354,0.0000,0.0000,2021-08-11 19:51:01
1047319,4092.0000,1412.0000,1420.0000,1421.0000,1418.0000,1422.0000,1425.0000,1429.0000,37.6953,24.1354,0.0000,0.0000,2021-08-11 19:51:04
1047320,4094.0000,1412.0000,1421.0000,1421.0000,1420.0000,1422.0000,1425.0000,1431.0000,37.6770,24.1454,0.0000,0.0000,2021-08-11 19:51:08
1047321,4095.0000,1412.0000,1422.0000,1418.0000,1419.0000,1421.0000,1425.0000,1432.0000,37.6648,24.1354,0.0000,0.0000,2021-08-11 19:51:11
1047322,4095.0000,1411.0000,1421.0000,1421.0000,1419.0000,1422.0000,1425.0000,1431.0000,37.6465,24.1354,0.0000,0.0000,2021-08-11 19:51:14
1047323,4095.0000,1411.0000,1421.0000,1420.0000,1419.0000,1422.0000,1424.0000,1431.0000,37.6343,24.1354,0.0000,0.0000,2021-08-11 19:51:17
1047324,4095.0000,1413.0000,1419.0000,1420.0000,1419.0000,1422.0000,1426.0000,1431.0000,37.6343,24.1354,0.0000,0.0000,2021-08-11 19:51:21
1047325,4094.0000,1409.0000,1422.0000,1419.0000,1421.0000,1422.0000,1425.0000,1431.0000,37.6160,24.1253,0.0000,0.0000,2021-08-11 19:51:24
1047326,4094.0000,1414.0000,1421.0000,1420.0000,1419.0000,1422.0000,1425.0000,1431.0000,37.6038,24.1253,0.0000,0.0000,2021-08-11 19:51:27
1047327,4095.0000,1411.0000,1419.0000,1421.0000,1419.0000,1422.0000,1426.0000,1431.0000,37.5854,24.1051,0.0000,0.0000,2021-08-11 19:51:30
1047328,4094.0000,1411.0000,1421.0000,1419.0000,1421.0000,1421.0000,1426.0000,1431.0000,37.5854,24.1051,0.0000,0.0000,2021-08-11 19:51:34
1047329,4094.0000,1411.0000,1421.0000,1419.0000,1420.0000,1421.0000,1426.0000,1430.0000,37.5549,24.0951,0.0000,0.0000,2021-08-11 19:51:37
1047330,4095.0000,1412.0000,1421.0000,1421.0000,1419.0000,1423.0000,1426.0000,1431.0000,37.5427,24.0951,0.0000,0.0000,2021-08-11 19:51:40
1047331,4094.0000,1409.0000,1421.0000,1421.0000,1420.0000,1421.0000,1425.0000,1431.0000,37.5427,24.0951,0.0000,0.0000,2021-08-11 19:51:43
1047332,4095.0000,1409.0000,1420.0000,1418.0000,1419.0000,1422.0000,1425.0000,1432.0000,37.5244,24.0951,0.0000,0.0000,2021-08-11 19:51:47
1047333,4094.0000,1411.0000,1421.0000,1420.0000,1419.0000,1422.0000,1425.0000,1432.0000,37.5244,24.0951,0.0000,0.0000,2021-08-11 19:51:50
1047334,4094.0000,1414.0000,1423.0000,1420.0000,1418.0000,1422.0000,1426.0000,1431.0000,37.5244,24.0951,0.0000,0.0000,2021-08-11 19:51:53
1047335,4095.0000,1411.0000,1421.0000,1420.0000,1419.0000,1422.0000,1426.0000,1431.0000,37.5183,24.1051,0.0000,0.0000,2021-08-11 19:51:57
1047336,4093.0000,1412.0000,1420.0000,1421.0000,1420.0000,1422.0000,1425.0000,1430.0000,37.5183,24.1253,0.0000,0.0000,2021-08-11 19:52:00
1047337,4094.0000,1412.0000,1419.0000,1422.0000,1418.0000,1423.0000,1425.0000,1431.0000,37.5000,24.1253,0.0000,0.0000,2021-08-11 19:52:03
1047338,4095.0000,1414.0000,1421.0000,1421.0000,1419.0000,1423.0000,1425.0000,1431.0000,37.4817,24.1253,0.0000,0.0000,2021-08-11 19:52:06
1047339,4095.0000,1412.0000,1420.0000,1420.0000,1419.0000,1421.0000,1425.0000,1431.0000,37.4817,24.1354,0.0000,0.0000,2021-08-11 19:52:10
1047340,4094.0000,1410.0000,1421.0000,1419.0000,1419.0000,1422.0000,1426.0000,1430.0000,37.4634,24.1354,0.0000,0.0000,2021-08-11 19:52:13
1047341,4092.0000,1411.0000,1423.0000,1420.0000,1419.0000,1421.0000,1424.0000,1431.0000,37.4634,24.1253,0.0000,0.0000,2021-08-11 19:52:16
1047342,4095.0000,1411.0000,1423.0000,1420.0000,1419.0000,1421.0000,1425.0000,1429.0000,37.4451,24.1354,0.0000,0.0000,2021-08-11 19:52:19
1047343,4095.0000,1411.0000,1421.0000,1420.0000,1419.0000,1420.0000,1425.0000,1431.0000,37.4451,24.1253,0.0000,0.0000,2021-08-11 19:52:22
1047344,4095.0000,1412.0000,1420.0000,1421.0000,1418.0000,1420.0000,1425.0000,1430.0000,37.4451,24.1354,0.0000,0.0000,2021-08-11 19:52:26
1047345,4095.0000,1412.0000,1420.0000,1420.0000,1420.0000,1422.0000,1425.0000,1432.0000,37.4329,24.1354,0.0000,0.0000,2021-08-11 19:52:29
1047346,4095.0000,1412.0000,1421.0000,1421.0000,1419.0000,1422.0000,1425.0000,1430.0000,37.4207,24.1354,0.0000,0.0000,2021-08-11 19:52:32
1047347,4093.0000,1411.0000,1421.0000,1419.0000,1419.0000,1421.0000,1425.0000,1431.0000,37.4023,24.1354,0.0000,0.0000,2021-08-11 19:52:35
1047348,4095.0000,1412.0000,1421.0000,1420.0000,1420.0000,1422.0000,1424.0000,1430.0000,37.4023,24.1354,0.0000,0.0000,2021-08-11 19:52:39
1047349,4094.0000,1411.0000,1420.0000,1421.0000,1418.0000,1422.0000,1425.0000,1431.0000,37.3657,24.1354,0.0000,0.0000,2021-08-11 19:52:42
1047350,4095.0000,1411.0000,1421.0000,1422.0000,1420.0000,1422.0000,1425.0000,1431.0000,37.3657,24.1354,0.0000,0.0000,2021-08-11 19:52:45
1047351,4095.0000,1411.0000,1421.0000,1420.0000,1419.0000,1423.0000,1425.0000,1431.0000,37.3840,24.1354,0.0000,0.0000,2021-08-11 19:52:49
1047352,4094.0000,1410.0000,1419.0000,1421.0000,1419.0000,1421.0000,1426.0000,1431.0000,37.3657,24.1354,0.0000,0.0000,2021-08-11 19:52:52
1047353,4094.0000,1411.0000,1419.0000,1420.0000,1419.0000,1421.0000,1426.0000,1431.0000,37.3657,24.1253,0.0000,0.0000,2021-08-11 19:52:55
1047354,4090.0000,1411.0000,1421.0000,1421.0000,1419.0000,1423.0000,1425.0000,1431.0000,37.3840,24.1253,0.0000,0.0000,2021-08-11 19:52:58
1047355,4093.0000,1409.0000,1420.0000,1420.0000,1419.0000,1422.0000,1426.0000,1432.0000,37.4207,24.1253,0.0000,0.0000,2021-08-11 19:53:02
1047356,4095.0000,1411.0000,1421.0000,1421.0000,1419.0000,1420.0000,1425.0000,1430.0000,37.4207,24.1051,0.0000,0.0000,2021-08-11 19:53:05
1047357,4094.0000,1411.0000,1415.0000,1420.0000,1419.0000,1421.0000,1425.0000,1431.0000,37.4207,24.1051,0.0000,0.0000,2021-08-11 19:53:08
1047358,4094.0000,1413.0000,1421.0000,1421.0000,1419.0000,1425.0000,1426.0000,1431.0000,37.4023,24.1051,0.0000,0.0000,2021-08-11 19:53:11
1047359,4093.0000,1412.0000,1423.0000,1419.0000,1419.0000,1422.0000,1425.0000,1431.0000,37.3901,24.0951,0.0000,0.0000,2021-08-11 19:53:15
1047360,4095.0000,1412.0000,1421.0000,1420.0000,1419.0000,1421.0000,1424.0000,1431.0000,37.4023,24.1051,0.0000,0.0000,2021-08-11 19:53:18
1047361,4094.0000,1411.0000,1421.0000,1420.0000,1418.0000,1423.0000,1425.0000,1430.0000,37.3901,24.0749,0.0000,0.0000,2021-08-11 19:53:21
1047362,4095.0000,1411.0000,1423.0000,1420.0000,1419.0000,1422.0000,1425.0000,1429.0000,37.4023,24.1051,0.0000,0.0000,2021-08-11 19:53:24
1047363,4094.0000,1411.0000,1421.0000,1420.0000,1419.0000,1423.0000,1424.0000,1431.0000,37.4023,24.1051,0.0000,0.0000,2021-08-11 19:53:28
1047364,4094.0000,1412.0000,1420.0000,1420.0000,1420.0000,1423.0000,1425.0000,1430.0000,37.4084,24.0951,0.0000,0.0000,2021-08-11 19:53:31
1047365,4092.0000,1413.0000,1421.0000,1421.0000,1419.0000,1422.0000,1425.0000,1431.0000,37.4329,24.1051,0.0000,0.0000,2021-08-11 19:53:34
1047366,4095.0000,1411.0000,1420.0000,1420.0000,1419.0000,1420.0000,1426.0000,1432.0000,37.4329,24.1051,0.0000,0.0000,2021-08-11 19:53:37
1047367,4095.0000,1412.0000,1421.0000,1420.0000,1418.0000,1422.0000,1425.0000,1431.0000,37.4329,24.1253,0.0000,0.0000,2021-08-11 19:53:40
1047368,4091.0000,1411.0000,1423.0000,1420.0000,1418.0000,1422.0000,1426.0000,1430.0000,37.4329,24.1051,0.0000,0.0000,2021-08-11 19:53:44
1047369,4094.0000,1411.0000,1418.0000,1420.0000,1418.0000,1421.0000,1425.0000,1430.0000,37.4329,24.1051,0.0000,0.0000,2021-08-11 19:53:47
1047370,4095.0000,1411.0000,1421.0000,1420.0000,1419.0000,1421.0000,1425.0000,1429.0000,37.4207,24.1051,0.0000,0.0000,2021-08-11 19:53:51
1047371,4094.0000,1411.0000,1421.0000,1421.0000,1418.0000,1422.0000,1425.0000,1431.0000,37.4329,24.1051,0.0000,0.0000,2021-08-11 19:53:54
1047372,4094.0000,1411.0000,1421.0000,1420.0000,1419.0000,1421.0000,1426.0000,1432.0000,37.4207,24.1051,0.0000,0.0000,2021-08-11 19:53:58
1047373,4094.0000,1411.0000,1421.0000,1421.0000,1419.0000,1422.0000,1425.0000,1431.0000,37.4268,24.0951,0.0000,0.0000,2021-08-11 19:54:01
1047374,4094.0000,1411.0000,1420.0000,1419.0000,1419.0000,1422.0000,1425.0000,1430.0000,37.4329,24.1051,0.0000,0.0000,2021-08-11 19:54:05
1047375,4095.0000,1411.0000,1421.0000,1421.0000,1417.0000,1424.0000,1425.0000,1430.0000,37.4268,24.0951,0.0000,0.0000,2021-08-11 19:54:08
1047376,4094.0000,1411.0000,1421.0000,1425.0000,1419.0000,1421.0000,1425.0000,1430.0000,37.4268,24.0951,0.0000,0.0000,2021-08-11 19:54:12
1047377,4095.0000,1412.0000,1423.0000,1420.0000,1420.0000,1421.0000,1426.0000,1430.0000,37.4390,24.0951,0.0000,0.0000,2021-08-11 19:54:15
1047378,4095.0000,1410.0000,1421.0000,1420.0000,1418.0000,1422.0000,1425.0000,1429.0000,37.4451,24.1051,0.0000,0.0000,2021-08-11 19:54:19
1047379,4094.0000,1405.0000,1420.0000,1419.0000,1419.0000,1421.0000,1425.0000,1430.0000,37.4573,24.0951,0.0000,0.0000,2021-08-11 19:54:22
1047380,4094.0000,1412.0000,1420.0000,1418.0000,1418.0000,1421.0000,1425.0000,1427.0000,37.4390,24.0951,0.0000,0.0000,2021-08-11 19:54:26
1047381,4093.0000,1411.0000,1421.0000,1420.0000,1418.0000,1425.0000,1425.0000,1430.0000,37.4573,24.0951,0.0000,0.0000,2021-08-11 19:54:29
1047382,4094.0000,1417.0000,1418.0000,1420.0000,1419.0000,1421.0000,1425.0000,1430.0000,37.4573,24.0749,0.0000,0.0000,2021-08-11 19:54:32
1047383,4091.0000,1411.0000,1422.0000,1420.0000,1419.0000,1422.0000,1425.0000,1430.0000,37.4756,24.0951,0.0000,0.0000,2021-08-11 19:54:35
1047384,4094.0000,1411.0000,1421.0000,1420.0000,1419.0000,1421.0000,1425.0000,1431.0000,37.4756,24.0951,0.0000,0.0000,2021-08-11 19:54:39
1047385,4094.0000,1411.0000,1421.0000,1422.0000,1419.0000,1422.0000,1425.0000,1430.0000,37.4939,24.0951,0.0000,0.0000,2021-08-11 19:54:42
1047386,4093.0000,1410.0000,1421.0000,1421.0000,1419.0000,1421.0000,1425.0000,1431.0000,37.4939,24.0951,0.0000,0.0000,2021-08-11 19:54:45
1047387,4095.0000,1410.0000,1421.0000,1420.0000,1419.0000,1422.0000,1425.0000,1430.0000,37.5122,24.0749,0.0000,0.0000,2021-08-11 19:54:48
1047388,4094.0000,1412.0000,1421.0000,1420.0000,1419.0000,1422.0000,1425.0000,1430.0000,37.5122,24.0951,0.0000,0.0000,2021-08-11 19:54:52
1047389,4092.0000,1412.0000,1420.0000,1420.0000,1420.0000,1421.0000,1424.0000,1431.0000,37.5183,24.1051,0.0000,0.0000,2021-08-11 19:54:55
1047390,4094.0000,1411.0000,1421.0000,1420.0000,1419.0000,1422.0000,1429.0000,1431.0000,37.5244,24.0951,0.0000,0.0000,2021-08-11 19:54:58
1047391,4094.0000,1411.0000,1420.0000,1420.0000,1418.0000,1421.0000,1426.0000,1430.0000,37.5244,24.0951,0.0000,0.0000,2021-08-11 19:55:02
1047392,4095.0000,1411.0000,1420.0000,1419.0000,1419.0000,1421.0000,1424.0000,1430.0000,37.5305,24.1051,0.0000,0.0000,2021-08-11 19:55:05
1047393,4094.0000,1411.0000,1423.0000,1420.0000,1418.0000,1421.0000,1425.0000,1432.0000,37.5305,24.1051,0.0000,0.0000,2021-08-11 19:55:08
1047394,4094.0000,1411.0000,1420.0000,1420.0000,1419.0000,1420.0000,1425.0000,1431.0000,37.5305,24.1253,0.0000,0.0000,2021-08-11 19:55:11
1047395,4095.0000,1411.0000,1420.0000,1419.0000,1418.0000,1422.0000,1425.0000,1430.0000,37.5488,24.1051,0.0000,0.0000,2021-08-11 19:55:15
1047396,4094.0000,1411.0000,1421.0000,1420.0000,1419.0000,1421.0000,1424.0000,1430.0000,37.5488,24.1051,0.0000,0.0000,2021-08-11 19:55:18
1047397,4095.0000,1411.0000,1420.0000,1420.0000,1419.0000,1422.0000,1426.0000,1430.0000,37.5488,24.1354,0.0000,0.0000,2021-08-11 19:55:21
1047398,4095.0000,1414.0000,1420.0000,1420.0000,1420.0000,1422.0000,1426.0000,1431.0000,37.5671,24.1253,0.0000,0.0000,2021-08-11 19:55:24
1047399,4094.0000,1413.0000,1421.0000,1420.0000,1418.0000,1422.0000,1426.0000,1430.0000,37.5671,24.1051,0.0000,0.0000,2021-08-11 19:55:28
1047400,4092.0000,1411.0000,1421.0000,1420.0000,1418.0000,1421.0000,1425.0000,1431.0000,37.5854,24.1253,0.0000,0.0000,2021-08-11 19:55:31
1047401,4095.0000,1410.0000,1420.0000,1419.0000,1419.0000,1421.0000,1425.0000,1430.0000,37.6038,24.1253,0.0000,0.0000,2021-08-11 19:55:34
1047402,4092.0000,1412.0000,1420.0000,1420.0000,1419.0000,1422.0000,1425.0000,1431.0000,37.6038,24.1051,0.0000,0.0000,2021-08-11 19:55:37
1047403,4094.0000,1414.0000,1422.0000,1419.0000,1419.0000,1421.0000,1426.0000,1430.0000,37.6160,24.1051,0.0000,0.0000,2021-08-11 19:55:41
1047404,4092.0000,1412.0000,1421.0000,1420.0000,1419.0000,1422.0000,1425.0000,1431.0000,37.6160,24.1051,0.0000,0.0000,2021-08-11 19:55:44
1047405,4095.0000,1411.0000,1420.0000,1420.0000,1419.0000,1422.0000,1425.0000,1430.0000,37.6343,24.1051,0.0000,0.0000,2021-08-11 19:55:47
1047406,4094.0000,1411.0000,1421.0000,1420.0000,1417.0000,1420.0000,1426.0000,1431.0000,37.6343,24.1051,0.0000,0.0000,2021-08-11 19:55:50
1047407,4095.0000,1412.0000,1421.0000,1420.0000,1419.0000,1421.0000,1425.0000,1429.0000,37.6465,24.1253,0.0000,0.0000,2021-08-11 19:55:54
1047408,4094.0000,1412.0000,1421.0000,1419.0000,1418.0000,1422.0000,1426.0000,1431.0000,37.6648,24.1253,0.0000,0.0000,2021-08-11 19:55:57
1047409,4094.0000,1409.0000,1420.0000,1421.0000,1419.0000,1422.0000,1425.0000,1430.0000,37.6831,24.1354,0.0000,0.0000,2021-08-11 19:56:00
1047410,4092.0000,1411.0000,1421.0000,1420.0000,1419.0000,1422.0000,1425.0000,1430.0000,37.6953,24.1354,0.0000,0.0000,2021-08-11 19:56:04
1047411,4094.0000,1409.0000,1421.0000,1422.0000,1418.0000,1420.0000,1425.0000,1431.0000,37.7136,24.1253,0.0000,0.0000,2021-08-11 19:56:07
1047412,4095.0000,1411.0000,1416.0000,1422.0000,1419.0000,1423.0000,1425.0000,1430.0000,37.7136,24.1354,0.0000,0.0000,2021-08-11 19:56:10
1047413,4095.0000,1412.0000,1421.0000,1421.0000,1419.0000,1422.0000,1425.0000,1430.0000,37.7136,24.1354,0.0000,0.0000,2021-08-11 19:56:13
1047414,4094.0000,1412.0000,1422.0000,1420.0000,1419.0000,1422.0000,1423.0000,1430.0000,37.7136,24.1354,0.0000,0.0000,2021-08-11 19:56:17
1047415,4095.0000,1414.0000,1422.0000,1420.0000,1419.0000,1421.0000,1425.0000,1430.0000,37.7136,24.1354,0.0000,0.0000,2021-08-11 19:56:20
1047416,4095.0000,1411.0000,1421.0000,1421.0000,1419.0000,1421.0000,1424.0000,1431.0000,37.7075,24.1454,0.0000,0.0000,2021-08-11 19:56:23
1047417,4094.0000,1411.0000,1421.0000,1419.0000,1419.0000,1422.0000,1425.0000,1430.0000,37.7075,24.1454,0.0000,0.0000,2021-08-11 19:56:27
1047418,4093.0000,1411.0000,1422.0000,1426.0000,1419.0000,1421.0000,1425.0000,1431.0000,37.7075,24.1454,0.0000,0.0000,2021-08-11 19:56:30
1047419,4095.0000,1413.0000,1421.0000,1420.0000,1418.0000,1421.0000,1424.0000,1429.0000,37.7075,24.1656,0.0000,0.0000,2021-08-11 19:56:33
1047420,4094.0000,1412.0000,1420.0000,1420.0000,1419.0000,1420.0000,1425.0000,1431.0000,37.7075,24.1454,0.0000,0.0000,2021-08-11 19:56:36
1047421,4095.0000,1411.0000,1421.0000,1421.0000,1418.0000,1423.0000,1426.0000,1431.0000,37.7075,24.1656,0.0000,0.0000,2021-08-11 19:56:39
1047422,4095.0000,1412.0000,1420.0000,1420.0000,1419.0000,1425.0000,1425.0000,1430.0000,37.7075,24.1656,0.0000,0.0000,2021-08-11 19:56:43
1047423,4095.0000,1411.0000,1420.0000,1420.0000,1419.0000,1420.0000,1426.0000,1431.0000,37.7258,24.1656,0.0000,0.0000,2021-08-11 19:56:46
1047424,4092.0000,1414.0000,1421.0000,1420.0000,1419.0000,1421.0000,1426.0000,1430.0000,37.7258,24.1756,0.0000,0.0000,2021-08-11 19:56:49
1047425,4095.0000,1411.0000,1422.0000,1422.0000,1420.0000,1422.0000,1425.0000,1428.0000,37.7258,24.1656,0.0000,0.0000,2021-08-11 19:56:52
1047426,4094.0000,1414.0000,1422.0000,1423.0000,1419.0000,1421.0000,1424.0000,1430.0000,37.7258,24.1756,0.0000,0.0000,2021-08-11 19:56:56
1047427,4094.0000,1411.0000,1421.0000,1421.0000,1419.0000,1422.0000,1426.0000,1430.0000,37.7258,24.1756,0.0000,0.0000,2021-08-11 19:56:59
1047428,4095.0000,1413.0000,1416.0000,1420.0000,1419.0000,1421.0000,1425.0000,1430.0000,37.7441,24.1756,0.0000,0.0000,2021-08-11 19:57:02
1047429,4095.0000,1412.0000,1419.0000,1419.0000,1419.0000,1421.0000,1425.0000,1430.0000,37.7502,24.1857,0.0000,0.0000,2021-08-11 19:57:06
1047430,4095.0000,1412.0000,1420.0000,1420.0000,1419.0000,1421.0000,1424.0000,1428.0000,37.7563,24.1756,0.0000,0.0000,2021-08-11 19:57:09
1047431,4091.0000,1411.0000,1421.0000,1417.0000,1419.0000,1421.0000,1425.0000,1431.0000,37.7808,24.1857,0.0000,0.0000,2021-08-11 19:57:12
1047432,4095.0000,1412.0000,1422.0000,1420.0000,1419.0000,1421.0000,1425.0000,1431.0000,37.7991,24.1857,0.0000,0.0000,2021-08-11 19:57:15
1047433,4094.0000,1410.0000,1421.0000,1420.0000,1414.0000,1420.0000,1425.0000,1430.0000,37.7991,24.1857,0.0000,0.0000,2021-08-11 19:57:19
1047434,4094.0000,1412.0000,1421.0000,1420.0000,1419.0000,1422.0000,1425.0000,1430.0000,37.7991,24.1857,0.0000,0.0000,2021-08-11 19:57:22
1047435,4095.0000,1412.0000,1418.0000,1420.0000,1419.0000,1421.0000,1424.0000,1432.0000,37.7991,24.2059,0.0000,0.0000,2021-08-11 19:57:25
1047436,4091.0000,1413.0000,1421.0000,1420.0000,1419.0000,1422.0000,1424.0000,1430.0000,37.7991,24.1857,0.0000,0.0000,2021-08-11 19:57:28
1047437,4095.0000,1411.0000,1421.0000,1420.0000,1418.0000,1422.0000,1424.0000,1430.0000,37.8174,24.2059,0.0000,0.0000,2021-08-11 19:57:32
1047438,4093.0000,1411.0000,1420.0000,1419.0000,1419.0000,1422.0000,1425.0000,1431.0000,37.8174,24.2059,0.0000,0.0000,2021-08-11 19:57:35
1047439,4095.0000,1412.0000,1421.0000,1420.0000,1418.0000,1421.0000,1425.0000,1430.0000,37.8357,24.1857,0.0000,0.0000,2021-08-11 19:57:39
1047440,4095.0000,1411.0000,1422.0000,1420.0000,1418.0000,1422.0000,1425.0000,1430.0000,37.8357,24.1857,0.0000,0.0000,2021-08-11 19:57:42
1047441,4095.0000,1410.0000,1420.0000,1420.0000,1419.0000,1422.0000,1425.0000,1430.0000,37.8479,24.2059,0.0000,0.0000,2021-08-11 19:57:46
1047442,4095.0000,1411.0000,1420.0000,1421.0000,1419.0000,1421.0000,1425.0000,1430.0000,37.8479,24.1857,0.0000,0.0000,2021-08-11 19:57:49
1047443,4094.0000,1411.0000,1421.0000,1420.0000,1419.0000,1421.0000,1425.0000,1430.0000,37.8479,24.2059,0.0000,0.0000,2021-08-11 19:57:53
1047444,4095.0000,1409.0000,1421.0000,1420.0000,1419.0000,1421.0000,1425.0000,1430.0000,37.8662,24.2059,0.0000,0.0000,2021-08-11 19:57:57
1047445,4095.0000,1412.0000,1422.0000,1420.0000,1419.0000,1422.0000,1426.0000,1430.0000,37.8784,24.1857,0.0000,0.0000,2021-08-11 19:58:00
1047446,4094.0000,1411.0000,1420.0000,1418.0000,1419.0000,1422.0000,1425.0000,1429.0000,37.8967,24.2059,0.0000,0.0000,2021-08-11 19:58:03
1047447,4095.0000,1411.0000,1421.0000,1421.0000,1418.0000,1422.0000,1424.0000,1430.0000,37.8967,24.2059,0.0000,0.0000,2021-08-11 19:58:07
1047448,4095.0000,1411.0000,1421.0000,1419.0000,1418.0000,1422.0000,1425.0000,1430.0000,37.9150,24.2059,0.0000,0.0000,2021-08-11 19:58:10
1047449,4095.0000,1411.0000,1422.0000,1420.0000,1420.0000,1422.0000,1426.0000,1430.0000,37.9333,24.2159,0.0000,0.0000,2021-08-11 19:58:13
1047450,4094.0000,1412.0000,1421.0000,1417.0000,1418.0000,1421.0000,1425.0000,1430.0000,37.9333,24.2059,0.0000,0.0000,2021-08-11 19:58:17
1047451,4095.0000,1412.0000,1422.0000,1422.0000,1419.0000,1421.0000,1424.0000,1430.0000,37.9517,24.2059,0.0000,0.0000,2021-08-11 19:58:20
1047452,4095.0000,1411.0000,1421.0000,1420.0000,1419.0000,1422.0000,1425.0000,1430.0000,37.9517,24.2159,0.0000,0.0000,2021-08-11 19:58:23
1047453,4094.0000,1411.0000,1420.0000,1419.0000,1419.0000,1422.0000,1426.0000,1430.0000,37.9639,24.2159,0.0000,0.0000,2021-08-11 19:58:26
1047454,4094.0000,1411.0000,1420.0000,1418.0000,1419.0000,1422.0000,1425.0000,1430.0000,37.9639,24.2159,0.0000,0.0000,2021-08-11 19:58:30
1047455,4092.0000,1411.0000,1420.0000,1419.0000,1419.0000,1422.0000,1425.0000,1430.0000,37.9639,24.2159,0.0000,0.0000,2021-08-11 19:58:33
1047456,4094.0000,1412.0000,1423.0000,1421.0000,1418.0000,1422.0000,1425.0000,1430.0000,37.9639,24.2059,0.0000,0.0000,2021-08-11 19:58:36
1047457,4094.0000,1411.0000,1421.0000,1419.0000,1418.0000,1421.0000,1426.0000,1429.0000,37.9639,24.2059,0.0000,0.0000,2021-08-11 19:58:40
1047458,4095.0000,1410.0000,1422.0000,1425.0000,1418.0000,1422.0000,1426.0000,1430.0000,37.9822,24.1857,0.0000,0.0000,2021-08-11 19:58:43
1047459,4094.0000,1411.0000,1420.0000,1420.0000,1419.0000,1418.0000,1424.0000,1430.0000,38.0005,24.1857,0.0000,0.0000,2021-08-11 19:58:46
1047460,4095.0000,1411.0000,1420.0000,1420.0000,1419.0000,1422.0000,1425.0000,1431.0000,38.0188,24.2059,0.0000,0.0000,2021-08-11 19:58:49
1047461,4095.0000,1410.0000,1421.0000,1420.0000,1420.0000,1422.0000,1424.0000,1430.0000,38.0188,24.2059,0.0000,0.0000,2021-08-11 19:58:53
1047462,4094.0000,1413.0000,1422.0000,1421.0000,1419.0000,1422.0000,1425.0000,1430.0000,38.0371,24.2059,0.0000,0.0000,2021-08-11 19:58:56
1047463,4095.0000,1411.0000,1421.0000,1420.0000,1421.0000,1422.0000,1426.0000,1430.0000,38.0371,24.2059,0.0000,0.0000,2021-08-11 19:58:59
1047464,4094.0000,1411.0000,1421.0000,1419.0000,1420.0000,1422.0000,1425.0000,1430.0000,38.0371,24.2059,0.0000,0.0000,2021-08-11 19:59:02
1047465,4093.0000,1408.0000,1421.0000,1420.0000,1419.0000,1421.0000,1424.0000,1430.0000,38.0432,24.2059,0.0000,0.0000,2021-08-11 19:59:06
1047466,4094.0000,1414.0000,1421.0000,1420.0000,1419.0000,1420.0000,1425.0000,1430.0000,38.0737,24.2361,0.0000,0.0000,2021-08-11 19:59:09
1047467,4094.0000,1411.0000,1419.0000,1420.0000,1420.0000,1422.0000,1425.0000,1430.0000,38.0615,24.2159,0.0000,0.0000,2021-08-11 19:59:12
1047468,4094.0000,1411.0000,1420.0000,1420.0000,1421.0000,1422.0000,1426.0000,1429.0000,38.0615,24.2059,0.0000,0.0000,2021-08-11 19:59:15
1047469,4095.0000,1411.0000,1421.0000,1420.0000,1419.0000,1423.0000,1425.0000,1430.0000,38.0798,24.2159,0.0000,0.0000,2021-08-11 19:59:19
1047470,4095.0000,1411.0000,1419.0000,1421.0000,1420.0000,1423.0000,1423.0000,1430.0000,38.0798,24.2159,0.0000,0.0000,2021-08-11 19:59:22
1047471,4095.0000,1412.0000,1421.0000,1419.0000,1420.0000,1421.0000,1425.0000,1429.0000,38.0920,24.2361,0.0000,0.0000,2021-08-11 19:59:25
1047472,4095.0000,1411.0000,1420.0000,1420.0000,1420.0000,1422.0000,1424.0000,1430.0000,38.0920,24.2461,0.0000,0.0000,2021-08-11 19:59:29
1047473,4094.0000,1411.0000,1420.0000,1420.0000,1418.0000,1421.0000,1426.0000,1431.0000,38.0920,24.2361,0.0000,0.0000,2021-08-11 19:59:32
1047474,4095.0000,1411.0000,1421.0000,1419.0000,1419.0000,1421.0000,1425.0000,1430.0000,38.0920,24.2461,0.0000,0.0000,2021-08-11 19:59:36
1047475,4094.0000,1412.0000,1421.0000,1420.0000,1418.0000,1422.0000,1425.0000,1430.0000,38.0920,24.2461,0.0000,0.0000,2021-08-11 19:59:39
1047476,4095.0000,1411.0000,1421.0000,1419.0000,1420.0000,1422.0000,1425.0000,1430.0000,38.0920,24.2562,0.0000,0.0000,2021-08-11 19:59:42
1047477,4095.0000,1413.0000,1421.0000,1420.0000,1419.0000,1421.0000,1425.0000,1430.0000,38.0920,24.2562,0.0000,0.0000,2021-08-11 19:59:45
1047478,4094.0000,1410.0000,1421.0000,1420.0000,1419.0000,1420.0000,1426.0000,1429.0000,38.0920,24.2562,0.0000,0.0000,2021-08-11 19:59:49
1047479,4095.0000,1413.0000,1420.0000,1420.0000,1418.0000,1422.0000,1425.0000,1431.0000,38.0920,24.2562,0.0000,0.0000,2021-08-11 19:59:52
1047480,4095.0000,1411.0000,1423.0000,1421.0000,1419.0000,1423.0000,1424.0000,1430.0000,38.0920,24.2461,0.0000,0.0000,2021-08-11 19:59:55
1047481,4094.0000,1411.0000,1421.0000,1421.0000,1420.0000,1422.0000,1425.0000,1429.0000,38.1165,24.2764,0.0000,0.0000,2021-08-11 19:59:59
1047482,4095.0000,1414.0000,1420.0000,1420.0000,1417.0000,1423.0000,1424.0000,1430.0000,38.1348,24.2764,0.0000,0.0000,2021-08-11 20:00:02
1047483,4094.0000,1411.0000,1421.0000,1425.0000,1420.0000,1422.0000,1424.0000,1429.0000,38.1470,24.2764,0.0000,0.0000,2021-08-11 20:00:06
1047484,4095.0000,1413.0000,1420.0000,1420.0000,1419.0000,1419.0000,1426.0000,1430.0000,38.1470,24.2764,0.0000,0.0000,2021-08-11 20:00:09
1047485,4095.0000,1410.0000,1421.0000,1420.0000,1419.0000,1423.0000,1425.0000,1429.0000,38.1531,24.2562,0.0000,0.0000,2021-08-11 20:00:12
1047486,4095.0000,1412.0000,1420.0000,1420.0000,1418.0000,1421.0000,1425.0000,1429.0000,38.1714,24.2562,0.0000,0.0000,2021-08-11 20:00:17
1047487,4095.0000,1411.0000,1421.0000,1420.0000,1419.0000,1422.0000,1426.0000,1430.0000,38.1836,24.2764,0.0000,0.0000,2021-08-11 20:00:20
1047488,4095.0000,1413.0000,1421.0000,1422.0000,1418.0000,1421.0000,1425.0000,1430.0000,38.1714,24.2562,0.0000,0.0000,2021-08-11 20:00:24
1047489,4094.0000,1411.0000,1420.0000,1419.0000,1419.0000,1422.0000,1427.0000,1429.0000,38.1653,24.2764,0.0000,0.0000,2021-08-11 20:00:27
1047490,4094.0000,1411.0000,1421.0000,1419.0000,1419.0000,1421.0000,1425.0000,1430.0000,38.1653,24.2764,0.0000,0.0000,2021-08-11 20:00:30
1047491,4095.0000,1411.0000,1421.0000,1419.0000,1419.0000,1423.0000,1425.0000,1430.0000,38.1836,24.2864,0.0000,0.0000,2021-08-11 20:00:34
1047492,4095.0000,1411.0000,1420.0000,1420.0000,1422.0000,1422.0000,1426.0000,1430.0000,38.1836,24.2764,0.0000,0.0000,2021-08-11 20:00:37
1047493,4094.0000,1412.0000,1421.0000,1420.0000,1418.0000,1422.0000,1424.0000,1429.0000,38.1836,24.2764,0.0000,0.0000,2021-08-11 20:00:40
1047494,4095.0000,1411.0000,1420.0000,1420.0000,1419.0000,1421.0000,1423.0000,1429.0000,38.1836,24.2864,0.0000,0.0000,2021-08-11 20:00:43
1047495,4095.0000,1411.0000,1421.0000,1420.0000,1419.0000,1423.0000,1425.0000,1429.0000,38.1836,24.2764,0.0000,0.0000,2021-08-11 20:00:47
1047496,4092.0000,1411.0000,1421.0000,1421.0000,1419.0000,1421.0000,1425.0000,1430.0000,38.1653,24.2864,0.0000,0.0000,2021-08-11 20:00:50
1047497,4095.0000,1410.0000,1418.0000,1422.0000,1419.0000,1422.0000,1424.0000,1429.0000,38.1653,24.2864,0.0000,0.0000,2021-08-11 20:00:53
1047498,4094.0000,1411.0000,1421.0000,1420.0000,1419.0000,1422.0000,1425.0000,1430.0000,38.1653,24.2864,0.0000,0.0000,2021-08-11 20:00:57
1047499,4094.0000,1411.0000,1421.0000,1420.0000,1419.0000,1423.0000,1425.0000,1429.0000,38.1653,24.2965,0.0000,0.0000,2021-08-11 20:01:00
1047500,4092.0000,1413.0000,1422.0000,1420.0000,1419.0000,1421.0000,1424.0000,1429.0000,38.1653,24.2965,0.0000,0.0000,2021-08-11 20:01:03
1047501,4086.0000,1411.0000,1421.0000,1420.0000,1418.0000,1419.0000,1425.0000,1431.0000,38.1653,24.2864,0.0000,0.0000,2021-08-11 20:01:07
1047502,4095.0000,1411.0000,1420.0000,1420.0000,1419.0000,1422.0000,1426.0000,1428.0000,38.1653,24.2965,0.0000,0.0000,2021-08-11 20:01:10
1047503,4095.0000,1409.0000,1423.0000,1419.0000,1418.0000,1422.0000,1425.0000,1429.0000,38.1653,24.2864,0.0000,0.0000,2021-08-11 20:01:13
1047504,4094.0000,1411.0000,1421.0000,1420.0000,1419.0000,1421.0000,1425.0000,1429.0000,38.1653,24.2965,0.0000,0.0000,2021-08-11 20:01:16
1047505,4094.0000,1408.0000,1421.0000,1419.0000,1419.0000,1422.0000,1425.0000,1430.0000,38.1653,24.2965,0.0000,0.0000,2021-08-11 20:01:20
1047506,4095.0000,1412.0000,1421.0000,1422.0000,1419.0000,1422.0000,1424.0000,1429.0000,38.1653,24.2965,0.0000,0.0000,2021-08-11 20:01:23
1047507,4086.0000,1411.0000,1421.0000,1420.0000,1419.0000,1421.0000,1425.0000,1429.0000,38.1653,24.2965,0.0000,0.0000,2021-08-11 20:01:26
1047508,4094.0000,1411.0000,1420.0000,1419.0000,1419.0000,1421.0000,1425.0000,1430.0000,38.1531,24.3166,0.0000,0.0000,2021-08-11 20:01:30
1047509,4094.0000,1413.0000,1418.0000,1419.0000,1420.0000,1422.0000,1425.0000,1429.0000,38.1470,24.2864,0.0000,0.0000,2021-08-11 20:01:33
1047510,4094.0000,1411.0000,1420.0000,1419.0000,1420.0000,1421.0000,1423.0000,1430.0000,38.1409,24.3166,0.0000,0.0000,2021-08-11 20:01:36
1047511,4093.0000,1412.0000,1421.0000,1423.0000,1420.0000,1421.0000,1424.0000,1430.0000,38.1470,24.2965,0.0000,0.0000,2021-08-11 20:01:39
1047512,4086.0000,1411.0000,1420.0000,1419.0000,1419.0000,1417.0000,1425.0000,1429.0000,38.1409,24.3166,0.0000,0.0000,2021-08-11 20:01:43
1047513,4094.0000,1411.0000,1421.0000,1420.0000,1418.0000,1421.0000,1424.0000,1429.0000,38.1409,24.3166,0.0000,0.0000,2021-08-11 20:01:46
1047514,4095.0000,1411.0000,1420.0000,1421.0000,1418.0000,1422.0000,1426.0000,1430.0000,38.1409,24.3166,0.0000,0.0000,2021-08-11 20:01:49
1047515,4095.0000,1411.0000,1419.0000,1419.0000,1419.0000,1421.0000,1424.0000,1429.0000,38.1348,24.2965,0.0000,0.0000,2021-08-11 20:01:53
1047516,4094.0000,1410.0000,1420.0000,1419.0000,1419.0000,1421.0000,1425.0000,1431.0000,38.1348,24.2965,0.0000,0.0000,2021-08-11 20:01:56
1047517,4095.0000,1413.0000,1418.0000,1422.0000,1419.0000,1421.0000,1425.0000,1429.0000,38.1287,24.3166,0.0000,0.0000,2021-08-11 20:02:00
1047518,4094.0000,1414.0000,1422.0000,1419.0000,1420.0000,1423.0000,1424.0000,1429.0000,38.1287,24.3166,0.0000,0.0000,2021-08-11 20:02:03
1047519,4095.0000,1409.0000,1420.0000,1421.0000,1419.0000,1421.0000,1424.0000,1430.0000,38.1104,24.3166,0.0000,0.0000,2021-08-11 20:02:06
1047520,4094.0000,1410.0000,1421.0000,1420.0000,1418.0000,1422.0000,1425.0000,1429.0000,38.1104,24.3166,0.0000,0.0000,2021-08-11 20:02:09
1047521,4094.0000,1411.0000,1420.0000,1419.0000,1419.0000,1421.0000,1425.0000,1432.0000,38.0920,24.3267,0.0000,0.0000,2021-08-11 20:02:13
1047522,4095.0000,1410.0000,1420.0000,1422.0000,1419.0000,1422.0000,1425.0000,1429.0000,38.0554,24.3267,0.0000,0.0000,2021-08-11 20:02:16
1047523,4093.0000,1411.0000,1421.0000,1421.0000,1420.0000,1421.0000,1423.0000,1429.0000,38.0554,24.3267,0.0000,0.0000,2021-08-11 20:02:19
1047524,4094.0000,1411.0000,1420.0000,1420.0000,1419.0000,1422.0000,1425.0000,1428.0000,38.0432,24.3267,0.0000,0.0000,2021-08-11 20:02:22
1047525,4094.0000,1411.0000,1420.0000,1420.0000,1419.0000,1422.0000,1425.0000,1429.0000,38.0066,24.3267,0.0000,0.0000,2021-08-11 20:02:26
1047526,4092.0000,1410.0000,1421.0000,1421.0000,1420.0000,1421.0000,1425.0000,1430.0000,38.0188,24.3569,0.0000,0.0000,2021-08-11 20:02:29
1047527,4094.0000,1412.0000,1420.0000,1419.0000,1419.0000,1422.0000,1425.0000,1429.0000,38.0066,24.3267,0.0000,0.0000,2021-08-11 20:02:34
1047528,4095.0000,1411.0000,1421.0000,1420.0000,1419.0000,1421.0000,1426.0000,1429.0000,37.9883,24.3469,0.0000,0.0000,2021-08-11 20:02:37
1047529,4093.0000,1410.0000,1420.0000,1420.0000,1419.0000,1422.0000,1425.0000,1429.0000,37.9883,24.3469,0.0000,0.0000,2021-08-11 20:02:41
1047530,4095.0000,1411.0000,1421.0000,1419.0000,1418.0000,1421.0000,1425.0000,1429.0000,37.9700,24.3469,0.0000,0.0000,2021-08-11 20:02:44
1047531,4092.0000,1409.0000,1423.0000,1419.0000,1418.0000,1422.0000,1425.0000,1429.0000,37.9700,24.3469,0.0000,0.0000,2021-08-11 20:02:48
1047532,4095.0000,1412.0000,1419.0000,1420.0000,1418.0000,1422.0000,1426.0000,1429.0000,37.9700,24.3267,0.0000,0.0000,2021-08-11 20:02:51
1047533,4093.0000,1411.0000,1421.0000,1420.0000,1419.0000,1422.0000,1425.0000,1429.0000,37.9456,24.3267,0.0000,0.0000,2021-08-11 20:02:55
1047534,4094.0000,1411.0000,1420.0000,1420.0000,1419.0000,1421.0000,1425.0000,1431.0000,37.9517,24.3569,0.0000,0.0000,2021-08-11 20:02:58
1047535,4094.0000,1410.0000,1420.0000,1419.0000,1419.0000,1422.0000,1423.0000,1429.0000,37.9456,24.3469,0.0000,0.0000,2021-08-11 20:03:02
1047536,4094.0000,1411.0000,1418.0000,1419.0000,1419.0000,1421.0000,1424.0000,1429.0000,37.9272,24.3267,0.0000,0.0000,2021-08-11 20:03:05
1047537,4095.0000,1410.0000,1420.0000,1420.0000,1418.0000,1420.0000,1425.0000,1429.0000,37.9272,24.3469,0.0000,0.0000,2021-08-11 20:03:08
1047538,4095.0000,1411.0000,1421.0000,1420.0000,1419.0000,1423.0000,1425.0000,1428.0000,37.9150,24.3569,0.0000,0.0000,2021-08-11 20:03:12
1047539,4095.0000,1410.0000,1420.0000,1420.0000,1420.0000,1422.0000,1426.0000,1429.0000,37.9150,24.3569,0.0000,0.0000,2021-08-11 20:03:15
1047540,4095.0000,1411.0000,1420.0000,1420.0000,1419.0000,1421.0000,1424.0000,1429.0000,37.8967,24.3569,0.0000,0.0000,2021-08-11 20:03:18
1047541,4094.0000,1411.0000,1420.0000,1421.0000,1419.0000,1421.0000,1425.0000,1429.0000,37.8784,24.3569,0.0000,0.0000,2021-08-11 20:03:21
1047542,4093.0000,1411.0000,1420.0000,1414.0000,1419.0000,1422.0000,1425.0000,1428.0000,37.8784,24.3670,0.0000,0.0000,2021-08-11 20:03:24
1047543,4095.0000,1411.0000,1421.0000,1419.0000,1418.0000,1421.0000,1426.0000,1430.0000,37.8784,24.3569,0.0000,0.0000,2021-08-11 20:03:28
1047544,4092.0000,1410.0000,1418.0000,1420.0000,1419.0000,1421.0000,1424.0000,1430.0000,37.8479,24.3670,0.0000,0.0000,2021-08-11 20:03:31
1047545,4093.0000,1411.0000,1420.0000,1420.0000,1419.0000,1420.0000,1424.0000,1428.0000,37.8357,24.3569,0.0000,0.0000,2021-08-11 20:03:34
1047546,4092.0000,1411.0000,1420.0000,1419.0000,1418.0000,1421.0000,1424.0000,1429.0000,37.8174,24.3569,0.0000,0.0000,2021-08-11 20:03:37
1047547,4095.0000,1410.0000,1421.0000,1419.0000,1419.0000,1422.0000,1425.0000,1429.0000,37.7869,24.3469,0.0000,0.0000,2021-08-11 20:03:41
1047548,4095.0000,1411.0000,1420.0000,1419.0000,1419.0000,1422.0000,1425.0000,1428.0000,37.7869,24.3267,0.0000,0.0000,2021-08-11 20:03:44
1047549,4094.0000,1410.0000,1422.0000,1419.0000,1419.0000,1421.0000,1424.0000,1429.0000,37.7747,24.3469,0.0000,0.0000,2021-08-11 20:03:47
1047550,4092.0000,1411.0000,1420.0000,1418.0000,1419.0000,1423.0000,1425.0000,1429.0000,37.7747,24.3469,0.0000,0.0000,2021-08-11 20:03:50
1047551,4095.0000,1411.0000,1420.0000,1419.0000,1419.0000,1422.0000,1425.0000,1428.0000,37.7563,24.3267,0.0000,0.0000,2021-08-11 20:03:54
1047552,4095.0000,1411.0000,1423.0000,1420.0000,1419.0000,1422.0000,1424.0000,1430.0000,37.7563,24.3469,0.0000,0.0000,2021-08-11 20:03:57
1047553,4095.0000,1412.0000,1420.0000,1421.0000,1417.0000,1419.0000,1425.0000,1429.0000,37.7686,24.3569,0.0000,0.0000,2021-08-11 20:04:00
1047554,4092.0000,1411.0000,1422.0000,1420.0000,1418.0000,1422.0000,1425.0000,1429.0000,37.7502,24.3569,0.0000,0.0000,2021-08-11 20:04:04
1047555,4094.0000,1411.0000,1422.0000,1419.0000,1420.0000,1421.0000,1425.0000,1430.0000,37.7441,24.3267,0.0000,0.0000,2021-08-11 20:04:07
1047556,4094.0000,1411.0000,1420.0000,1420.0000,1419.0000,1421.0000,1425.0000,1428.0000,37.7441,24.3469,0.0000,0.0000,2021-08-11 20:04:10
1047557,4092.0000,1411.0000,1420.0000,1420.0000,1419.0000,1421.0000,1425.0000,1430.0000,37.7441,24.3469,0.0000,0.0000,2021-08-11 20:04:13
1047558,4095.0000,1411.0000,1421.0000,1420.0000,1419.0000,1421.0000,1425.0000,1429.0000,37.7441,24.3267,0.0000,0.0000,2021-08-11 20:04:17
1047559,4094.0000,1411.0000,1421.0000,1420.0000,1419.0000,1421.0000,1425.0000,1428.0000,37.7258,24.3469,0.0000,0.0000,2021-08-11 20:04:20
1047560,4094.0000,1417.0000,1421.0000,1418.0000,1419.0000,1422.0000,1425.0000,1429.0000,37.7258,24.3469,0.0000,0.0000,2021-08-11 20:04:23
1047561,4094.0000,1411.0000,1421.0000,1419.0000,1418.0000,1422.0000,1423.0000,1429.0000,37.7258,24.3469,0.0000,0.0000,2021-08-11 20:04:26
1047562,4095.0000,1411.0000,1421.0000,1420.0000,1419.0000,1422.0000,1425.0000,1431.0000,37.7075,24.3267,0.0000,0.0000,2021-08-11 20:04:30
1047563,4094.0000,1412.0000,1420.0000,1420.0000,1419.0000,1421.0000,1426.0000,1429.0000,37.7075,24.3267,0.0000,0.0000,2021-08-11 20:04:33
1047564,4095.0000,1411.0000,1419.0000,1420.0000,1419.0000,1422.0000,1425.0000,1430.0000,37.6892,24.3267,0.0000,0.0000,2021-08-11 20:04:36
1047565,4092.0000,1411.0000,1420.0000,1421.0000,1418.0000,1421.0000,1425.0000,1427.0000,37.6892,24.3267,0.0000,0.0000,2021-08-11 20:04:40
1047566,4094.0000,1411.0000,1420.0000,1419.0000,1418.0000,1422.0000,1425.0000,1429.0000,37.6892,24.3166,0.0000,0.0000,2021-08-11 20:04:43
1047567,4095.0000,1411.0000,1420.0000,1420.0000,1419.0000,1421.0000,1425.0000,1429.0000,37.6770,24.3166,0.0000,0.0000,2021-08-11 20:04:47
1047568,4093.0000,1410.0000,1421.0000,1420.0000,1421.0000,1421.0000,1425.0000,1429.0000,37.6770,24.3166,0.0000,0.0000,2021-08-11 20:04:50
1047569,4094.0000,1412.0000,1422.0000,1420.0000,1418.0000,1422.0000,1425.0000,1430.0000,37.6587,24.3166,0.0000,0.0000,2021-08-11 20:04:54
1047570,4094.0000,1412.0000,1421.0000,1420.0000,1418.0000,1421.0000,1425.0000,1429.0000,37.6465,24.2965,0.0000,0.0000,2021-08-11 20:04:57
1047571,4094.0000,1412.0000,1419.0000,1422.0000,1419.0000,1421.0000,1425.0000,1429.0000,37.6648,24.2965,0.0000,0.0000,2021-08-11 20:05:01
1047572,4095.0000,1411.0000,1421.0000,1420.0000,1418.0000,1421.0000,1427.0000,1429.0000,37.6648,24.2965,0.0000,0.0000,2021-08-11 20:05:04
1047573,4094.0000,1411.0000,1420.0000,1422.0000,1418.0000,1421.0000,1425.0000,1429.0000,37.6831,24.2965,0.0000,0.0000,2021-08-11 20:05:07
1047574,4094.0000,1411.0000,1420.0000,1420.0000,1419.0000,1422.0000,1425.0000,1429.0000,37.6648,24.2965,0.0000,0.0000,2021-08-11 20:05:11
1047575,4095.0000,1411.0000,1422.0000,1419.0000,1418.0000,1421.0000,1425.0000,1430.0000,37.6831,24.2864,0.0000,0.0000,2021-08-11 20:05:14
1047576,4094.0000,1411.0000,1420.0000,1421.0000,1419.0000,1421.0000,1426.0000,1429.0000,37.6953,24.2965,0.0000,0.0000,2021-08-11 20:05:17
1047577,4092.0000,1411.0000,1421.0000,1422.0000,1419.0000,1422.0000,1425.0000,1429.0000,37.7136,24.2965,0.0000,0.0000,2021-08-11 20:05:20
1047578,4094.0000,1411.0000,1421.0000,1420.0000,1419.0000,1421.0000,1426.0000,1429.0000,37.7502,24.2864,0.0000,0.0000,2021-08-11 20:05:24
1047579,4094.0000,1410.0000,1421.0000,1420.0000,1419.0000,1422.0000,1427.0000,1429.0000,37.7747,24.3166,0.0000,0.0000,2021-08-11 20:05:27
1047580,4094.0000,1411.0000,1421.0000,1419.0000,1420.0000,1421.0000,1425.0000,1430.0000,37.7808,24.2965,0.0000,0.0000,2021-08-11 20:05:30
1047581,4094.0000,1414.0000,1420.0000,1419.0000,1418.0000,1421.0000,1426.0000,1429.0000,37.7808,24.2864,0.0000,0.0000,2021-08-11 20:05:33
1047582,4094.0000,1411.0000,1418.0000,1420.0000,1419.0000,1421.0000,1426.0000,1429.0000,37.7686,24.2764,0.0000,0.0000,2021-08-11 20:05:37
1047583,4094.0000,1410.0000,1423.0000,1421.0000,1419.0000,1420.0000,1424.0000,1429.0000,37.7502,24.2864,0.0000,0.0000,2021-08-11 20:05:40
1047584,4095.0000,1413.0000,1421.0000,1420.0000,1419.0000,1422.0000,1425.0000,1430.0000,37.7319,24.2764,0.0000,0.0000,2021-08-11 20:05:43
1047585,4094.0000,1411.0000,1420.0000,1419.0000,1419.0000,1421.0000,1425.0000,1429.0000,37.7319,24.2764,0.0000,0.0000,2021-08-11 20:05:46
1047586,4093.0000,1410.0000,1420.0000,1420.0000,1419.0000,1421.0000,1425.0000,1430.0000,37.7258,24.2562,0.0000,0.0000,2021-08-11 20:05:49
1047587,4094.0000,1411.0000,1421.0000,1420.0000,1419.0000,1422.0000,1425.0000,1428.0000,37.7441,24.2562,0.0000,0.0000,2021-08-11 20:05:53
1047588,4094.0000,1412.0000,1420.0000,1421.0000,1418.0000,1422.0000,1425.0000,1429.0000,37.7441,24.2562,0.0000,0.0000,2021-08-11 20:05:56
1047589,4093.0000,1411.0000,1420.0000,1414.0000,1418.0000,1421.0000,1425.0000,1429.0000,37.7686,24.2764,0.0000,0.0000,2021-08-11 20:05:59
1047590,4095.0000,1411.0000,1421.0000,1420.0000,1418.0000,1422.0000,1425.0000,1429.0000,37.7808,24.2764,0.0000,0.0000,2021-08-11 20:06:02
1047591,4095.0000,1411.0000,1421.0000,1418.0000,1420.0000,1421.0000,1425.0000,1430.0000,37.7747,24.2562,0.0000,0.0000,2021-08-11 20:06:06
1047592,4093.0000,1411.0000,1420.0000,1419.0000,1420.0000,1422.0000,1426.0000,1429.0000,37.7747,24.2461,0.0000,0.0000,2021-08-11 20:06:09
1047593,4095.0000,1412.0000,1421.0000,1420.0000,1419.0000,1418.0000,1425.0000,1428.0000,37.7869,24.2361,0.0000,0.0000,2021-08-11 20:06:12
1047594,4095.0000,1411.0000,1418.0000,1420.0000,1417.0000,1420.0000,1425.0000,1429.0000,37.7991,24.2059,0.0000,0.0000,2021-08-11 20:06:16
1047595,4094.0000,1418.0000,1420.0000,1419.0000,1419.0000,1421.0000,1425.0000,1429.0000,37.8174,24.1857,0.0000,0.0000,2021-08-11 20:06:19
1047596,4095.0000,1411.0000,1419.0000,1420.0000,1417.0000,1422.0000,1425.0000,1429.0000,37.8235,24.1756,0.0000,0.0000,2021-08-11 20:06:22
1047597,4095.0000,1410.0000,1420.0000,1422.0000,1419.0000,1422.0000,1424.0000,1430.0000,37.8601,24.1656,0.0000,0.0000,2021-08-11 20:06:26
1047598,4095.0000,1413.0000,1420.0000,1418.0000,1419.0000,1418.0000,1425.0000,1429.0000,37.8906,24.1656,0.0000,0.0000,2021-08-11 20:06:29
1047599,4095.0000,1411.0000,1421.0000,1419.0000,1419.0000,1421.0000,1426.0000,1430.0000,37.9089,24.1656,0.0000,0.0000,2021-08-11 20:06:32
1047600,4093.0000,1411.0000,1420.0000,1420.0000,1418.0000,1421.0000,1424.0000,1429.0000,37.9272,24.1656,0.0000,0.0000,2021-08-11 20:06:35
1047601,4094.0000,1408.0000,1424.0000,1413.0000,1420.0000,1422.0000,1424.0000,1428.0000,37.9456,24.1756,0.0000,0.0000,2021-08-11 20:06:39
1047602,4092.0000,1413.0000,1421.0000,1419.0000,1419.0000,1420.0000,1425.0000,1429.0000,37.9700,24.1756,0.0000,0.0000,2021-08-11 20:06:42
1047603,4095.0000,1411.0000,1421.0000,1419.0000,1417.0000,1421.0000,1425.0000,1429.0000,37.9700,24.1756,0.0000,0.0000,2021-08-11 20:06:45
1047604,4094.0000,1412.0000,1421.0000,1417.0000,1419.0000,1421.0000,1424.0000,1430.0000,37.9883,24.1656,0.0000,0.0000,2021-08-11 20:06:48
1047605,4094.0000,1411.0000,1420.0000,1419.0000,1418.0000,1417.0000,1425.0000,1430.0000,37.9883,24.1656,0.0000,0.0000,2021-08-11 20:06:52
1047606,4094.0000,1410.0000,1421.0000,1420.0000,1419.0000,1421.0000,1424.0000,1428.0000,38.0249,24.1454,0.0000,0.0000,2021-08-11 20:06:56
1047607,4095.0000,1409.0000,1421.0000,1420.0000,1419.0000,1420.0000,1425.0000,1430.0000,38.0432,24.1454,0.0000,0.0000,2021-08-11 20:06:59
1047608,4094.0000,1411.0000,1420.0000,1418.0000,1419.0000,1422.0000,1425.0000,1430.0000,38.0432,24.1454,0.0000,0.0000,2021-08-11 20:07:03
1047609,4086.0000,1411.0000,1420.0000,1420.0000,1419.0000,1421.0000,1425.0000,1429.0000,38.0432,24.1354,0.0000,0.0000,2021-08-11 20:07:06
1047610,4094.0000,1411.0000,1418.0000,1418.0000,1419.0000,1421.0000,1425.0000,1430.0000,38.0737,24.1454,0.0000,0.0000,2021-08-11 20:07:09
1047611,4094.0000,1410.0000,1420.0000,1419.0000,1418.0000,1425.0000,1424.0000,1429.0000,38.0920,24.1454,0.0000,0.0000,2021-08-11 20:07:12
1047612,4095.0000,1411.0000,1420.0000,1420.0000,1419.0000,1421.0000,1425.0000,1429.0000,38.0798,24.1354,0.0000,0.0000,2021-08-11 20:07:16
1047613,4095.0000,1411.0000,1421.0000,1420.0000,1419.0000,1422.0000,1425.0000,1430.0000,38.1104,24.1656,0.0000,0.0000,2021-08-11 20:07:19
1047614,4094.0000,1411.0000,1421.0000,1419.0000,1420.0000,1422.0000,1425.0000,1429.0000,38.1104,24.1756,0.0000,0.0000,2021-08-11 20:07:22
1047615,4087.0000,1411.0000,1421.0000,1419.0000,1419.0000,1422.0000,1425.0000,1430.0000,38.1104,24.1756,0.0000,0.0000,2021-08-11 20:07:26
1047616,4093.0000,1413.0000,1421.0000,1420.0000,1419.0000,1421.0000,1425.0000,1430.0000,38.1165,24.1857,0.0000,0.0000,2021-08-11 20:07:29
1047617,4094.0000,1411.0000,1421.0000,1418.0000,1419.0000,1422.0000,1425.0000,1429.0000,38.1165,24.2059,0.0000,0.0000,2021-08-11 20:07:32
1047618,4095.0000,1410.0000,1421.0000,1420.0000,1419.0000,1421.0000,1425.0000,1430.0000,38.1348,24.2059,0.0000,0.0000,2021-08-11 20:07:35
1047619,4095.0000,1410.0000,1421.0000,1420.0000,1419.0000,1421.0000,1425.0000,1430.0000,38.1348,24.1857,0.0000,0.0000,2021-08-11 20:07:39
1047620,4094.0000,1411.0000,1420.0000,1419.0000,1419.0000,1422.0000,1425.0000,1431.0000,38.1348,24.2059,0.0000,0.0000,2021-08-11 20:07:42
1047621,4094.0000,1411.0000,1421.0000,1419.0000,1419.0000,1421.0000,1425.0000,1430.0000,38.1348,24.2059,0.0000,0.0000,2021-08-11 20:07:45
1047622,4095.0000,1411.0000,1421.0000,1415.0000,1420.0000,1423.0000,1425.0000,1430.0000,38.1348,24.2059,0.0000,0.0000,2021-08-11 20:07:48
1047623,4095.0000,1413.0000,1420.0000,1420.0000,1419.0000,1422.0000,1425.0000,1430.0000,38.1348,24.2059,0.0000,0.0000,2021-08-11 20:07:51
1047624,4092.0000,1414.0000,1421.0000,1419.0000,1419.0000,1421.0000,1425.0000,1432.0000,38.1348,24.2059,0.0000,0.0000,2021-08-11 20:07:55
1047625,4091.0000,1409.0000,1423.0000,1420.0000,1419.0000,1422.0000,1426.0000,1430.0000,38.1165,24.2159,0.0000,0.0000,2021-08-11 20:07:58
1047626,4094.0000,1411.0000,1421.0000,1420.0000,1419.0000,1422.0000,1425.0000,1429.0000,38.1348,24.2059,0.0000,0.0000,2021-08-11 20:08:01
1047627,4094.0000,1411.0000,1418.0000,1420.0000,1420.0000,1424.0000,1426.0000,1430.0000,38.1348,24.2159,0.0000,0.0000,2021-08-11 20:08:05
1047628,4095.0000,1410.0000,1421.0000,1419.0000,1420.0000,1423.0000,1426.0000,1430.0000,38.1348,24.2159,0.0000,0.0000,2021-08-11 20:08:09
1047629,4095.0000,1412.0000,1421.0000,1420.0000,1419.0000,1422.0000,1425.0000,1429.0000,38.1409,24.2361,0.0000,0.0000,2021-08-11 20:08:12
1047630,4094.0000,1411.0000,1425.0000,1419.0000,1419.0000,1423.0000,1424.0000,1429.0000,38.1531,24.2361,0.0000,0.0000,2021-08-11 20:08:16
1047631,4094.0000,1411.0000,1421.0000,1420.0000,1422.0000,1422.0000,1425.0000,1430.0000,38.1531,24.2461,0.0000,0.0000,2021-08-11 20:08:19
1047632,4094.0000,1411.0000,1419.0000,1421.0000,1420.0000,1422.0000,1425.0000,1431.0000,38.1714,24.2461,0.0000,0.0000,2021-08-11 20:08:22
1047633,4095.0000,1411.0000,1421.0000,1420.0000,1419.0000,1422.0000,1426.0000,1430.0000,38.1531,24.2361,0.0000,0.0000,2021-08-11 20:08:26
1047634,4095.0000,1411.0000,1420.0000,1420.0000,1420.0000,1421.0000,1426.0000,1430.0000,38.1470,24.2159,0.0000,0.0000,2021-08-11 20:08:29
1047635,4094.0000,1408.0000,1421.0000,1419.0000,1419.0000,1421.0000,1425.0000,1429.0000,38.1653,24.2159,0.0000,0.0000,2021-08-11 20:08:32
1047636,4094.0000,1412.0000,1421.0000,1422.0000,1421.0000,1424.0000,1426.0000,1430.0000,38.1653,24.2159,0.0000,0.0000,2021-08-11 20:08:35
1047637,4094.0000,1412.0000,1423.0000,1420.0000,1420.0000,1422.0000,1426.0000,1431.0000,38.1836,24.1857,0.0000,0.0000,2021-08-11 20:08:39
1047638,4095.0000,1411.0000,1420.0000,1420.0000,1419.0000,1422.0000,1426.0000,1430.0000,38.2019,24.1857,0.0000,0.0000,2021-08-11 20:08:42
1047639,4094.0000,1412.0000,1422.0000,1420.0000,1418.0000,1422.0000,1425.0000,1430.0000,38.2141,24.1857,0.0000,0.0000,2021-08-11 20:08:45
1047640,4095.0000,1412.0000,1423.0000,1420.0000,1418.0000,1422.0000,1426.0000,1430.0000,38.2385,24.1756,0.0000,0.0000,2021-08-11 20:08:49
1047641,4095.0000,1411.0000,1421.0000,1420.0000,1418.0000,1422.0000,1425.0000,1431.0000,38.2446,24.1857,0.0000,0.0000,2021-08-11 20:08:52
1047642,4095.0000,1409.0000,1421.0000,1419.0000,1419.0000,1422.0000,1425.0000,1430.0000,38.2751,24.1756,0.0000,0.0000,2021-08-11 20:08:55
1047643,4095.0000,1411.0000,1420.0000,1422.0000,1419.0000,1421.0000,1425.0000,1430.0000,38.2935,24.1454,0.0000,0.0000,2021-08-11 20:08:58
1047644,4095.0000,1411.0000,1420.0000,1420.0000,1419.0000,1422.0000,1426.0000,1430.0000,38.2935,24.1656,0.0000,0.0000,2021-08-11 20:09:02
1047645,4095.0000,1411.0000,1420.0000,1420.0000,1419.0000,1422.0000,1426.0000,1430.0000,38.3118,24.1354,0.0000,0.0000,2021-08-11 20:09:05
1047646,4093.0000,1411.0000,1420.0000,1418.0000,1419.0000,1422.0000,1425.0000,1430.0000,38.3484,24.1354,0.0000,0.0000,2021-08-11 20:09:08
1047647,4094.0000,1411.0000,1420.0000,1426.0000,1420.0000,1421.0000,1426.0000,1430.0000,38.3667,24.1354,0.0000,0.0000,2021-08-11 20:09:11
1047648,4095.0000,1411.0000,1423.0000,1420.0000,1419.0000,1422.0000,1426.0000,1430.0000,38.3911,24.1454,0.0000,0.0000,2021-08-11 20:09:14
1047649,4094.0000,1411.0000,1420.0000,1422.0000,1422.0000,1421.0000,1425.0000,1431.0000,38.4216,24.1454,0.0000,0.0000,2021-08-11 20:09:18
1047650,4095.0000,1412.0000,1420.0000,1420.0000,1419.0000,1421.0000,1425.0000,1429.0000,38.4216,24.1454,0.0000,0.0000,2021-08-11 20:09:21
1047651,4094.0000,1413.0000,1421.0000,1420.0000,1419.0000,1422.0000,1425.0000,1429.0000,38.4583,24.1454,0.0000,0.0000,2021-08-11 20:09:24
1047652,4095.0000,1411.0000,1422.0000,1418.0000,1419.0000,1421.0000,1423.0000,1430.0000,38.4583,24.1656,0.0000,0.0000,2021-08-11 20:09:28
1047653,4094.0000,1411.0000,1421.0000,1421.0000,1419.0000,1423.0000,1425.0000,1429.0000,38.4583,24.1756,0.0000,0.0000,2021-08-11 20:09:31
1047654,4094.0000,1411.0000,1421.0000,1419.0000,1420.0000,1422.0000,1425.0000,1429.0000,38.4766,24.1756,0.0000,0.0000,2021-08-11 20:09:34
1047655,4094.0000,1411.0000,1421.0000,1418.0000,1417.0000,1422.0000,1425.0000,1428.0000,38.4766,24.1756,0.0000,0.0000,2021-08-11 20:09:37
1047656,4095.0000,1409.0000,1418.0000,1420.0000,1421.0000,1422.0000,1426.0000,1430.0000,38.4949,24.1656,0.0000,0.0000,2021-08-11 20:09:41
1047657,4095.0000,1411.0000,1421.0000,1422.0000,1419.0000,1422.0000,1426.0000,1429.0000,38.4949,24.1656,0.0000,0.0000,2021-08-11 20:09:44
1047658,4095.0000,1412.0000,1421.0000,1420.0000,1418.0000,1422.0000,1425.0000,1430.0000,38.5071,24.1756,0.0000,0.0000,2021-08-11 20:09:47
1047659,4095.0000,1411.0000,1421.0000,1421.0000,1419.0000,1420.0000,1425.0000,1429.0000,38.5132,24.1857,0.0000,0.0000,2021-08-11 20:09:50
1047660,4095.0000,1412.0000,1421.0000,1419.0000,1419.0000,1422.0000,1425.0000,1430.0000,38.5132,24.1857,0.0000,0.0000,2021-08-11 20:09:54
1047661,4095.0000,1411.0000,1420.0000,1420.0000,1420.0000,1422.0000,1425.0000,1429.0000,38.5315,24.1857,0.0000,0.0000,2021-08-11 20:09:57
1047662,4095.0000,1411.0000,1421.0000,1420.0000,1420.0000,1421.0000,1426.0000,1429.0000,38.5315,24.2159,0.0000,0.0000,2021-08-11 20:10:00
1047663,4095.0000,1412.0000,1421.0000,1421.0000,1419.0000,1422.0000,1425.0000,1431.0000,38.5315,24.2159,0.0000,0.0000,2021-08-11 20:10:03
1047664,4095.0000,1411.0000,1423.0000,1421.0000,1419.0000,1422.0000,1425.0000,1431.0000,38.5315,24.2159,0.0000,0.0000,2021-08-11 20:10:07
1047665,4092.0000,1414.0000,1421.0000,1420.0000,1418.0000,1422.0000,1425.0000,1430.0000,38.5254,24.2361,0.0000,0.0000,2021-08-11 20:10:10
1047666,4095.0000,1413.0000,1420.0000,1420.0000,1418.0000,1422.0000,1425.0000,1430.0000,38.5132,24.2159,0.0000,0.0000,2021-08-11 20:10:13
1047667,4094.0000,1411.0000,1421.0000,1420.0000,1419.0000,1422.0000,1426.0000,1430.0000,38.5254,24.2361,0.0000,0.0000,2021-08-11 20:10:16
1047668,4095.0000,1418.0000,1421.0000,1422.0000,1417.0000,1422.0000,1426.0000,1430.0000,38.5254,24.2461,0.0000,0.0000,2021-08-11 20:10:20
1047669,4095.0000,1411.0000,1419.0000,1420.0000,1419.0000,1421.0000,1426.0000,1431.0000,38.5071,24.2461,0.0000,0.0000,2021-08-11 20:10:23
1047670,4095.0000,1412.0000,1422.0000,1418.0000,1419.0000,1422.0000,1426.0000,1429.0000,38.5254,24.2461,0.0000,0.0000,2021-08-11 20:10:26
1047671,4094.0000,1409.0000,1422.0000,1421.0000,1419.0000,1423.0000,1426.0000,1430.0000,38.5254,24.2361,0.0000,0.0000,2021-08-11 20:10:29
1047672,4094.0000,1411.0000,1418.0000,1421.0000,1419.0000,1422.0000,1425.0000,1430.0000,38.5437,24.2361,0.0000,0.0000,2021-08-11 20:10:33
1047673,4091.0000,1411.0000,1421.0000,1420.0000,1419.0000,1422.0000,1425.0000,1431.0000,38.5254,24.2361,0.0000,0.0000,2021-08-11 20:10:36
1047674,4095.0000,1411.0000,1425.0000,1422.0000,1419.0000,1422.0000,1425.0000,1429.0000,38.5315,24.2159,0.0000,0.0000,2021-08-11 20:10:39
1047675,4095.0000,1412.0000,1420.0000,1419.0000,1419.0000,1422.0000,1425.0000,1431.0000,38.5559,24.2361,0.0000,0.0000,2021-08-11 20:10:43
1047676,4091.0000,1411.0000,1418.0000,1420.0000,1419.0000,1421.0000,1424.0000,1430.0000,38.5498,24.2159,0.0000,0.0000,2021-08-11 20:10:46
1047677,4095.0000,1411.0000,1421.0000,1418.0000,1419.0000,1422.0000,1425.0000,1430.0000,38.5559,24.2361,0.0000,0.0000,2021-08-11 20:10:49
1047678,4095.0000,1411.0000,1421.0000,1419.0000,1419.0000,1421.0000,1425.0000,1428.0000,38.5681,24.2159,0.0000,0.0000,2021-08-11 20:10:52
1047679,4095.0000,1411.0000,1421.0000,1418.0000,1418.0000,1422.0000,1426.0000,1431.0000,38.5681,24.2159,0.0000,0.0000,2021-08-11 20:10:56
1047680,4092.0000,1412.0000,1421.0000,1420.0000,1419.0000,1422.0000,1424.0000,1429.0000,38.5986,24.2059,0.0000,0.0000,2021-08-11 20:10:59
1047681,4095.0000,1414.0000,1421.0000,1421.0000,1419.0000,1422.0000,1426.0000,1430.0000,38.5864,24.2059,0.0000,0.0000,2021-08-11 20:11:02
1047682,4095.0000,1411.0000,1420.0000,1418.0000,1419.0000,1421.0000,1425.0000,1430.0000,38.5986,24.2059,0.0000,0.0000,2021-08-11 20:11:06
1047683,4095.0000,1411.0000,1420.0000,1417.0000,1419.0000,1422.0000,1426.0000,1429.0000,38.6353,24.2159,0.0000,0.0000,2021-08-11 20:11:10
1047684,4095.0000,1411.0000,1421.0000,1420.0000,1419.0000,1422.0000,1425.0000,1430.0000,38.6475,24.2159,0.0000,0.0000,2021-08-11 20:11:15
1047685,4094.0000,1411.0000,1421.0000,1420.0000,1420.0000,1422.0000,1426.0000,1430.0000,38.6475,24.2159,0.0000,0.0000,2021-08-11 20:11:19
1047686,4094.0000,1412.0000,1420.0000,1421.0000,1419.0000,1421.0000,1425.0000,1430.0000,38.6475,24.2159,0.0000,0.0000,2021-08-11 20:11:22
1047687,4092.0000,1411.0000,1421.0000,1419.0000,1420.0000,1423.0000,1425.0000,1430.0000,38.6475,24.2159,0.0000,0.0000,2021-08-11 20:11:26
1047688,4094.0000,1411.0000,1420.0000,1419.0000,1419.0000,1422.0000,1425.0000,1429.0000,38.6475,24.2059,0.0000,0.0000,2021-08-11 20:11:29
1047689,4092.0000,1409.0000,1420.0000,1419.0000,1420.0000,1422.0000,1426.0000,1431.0000,38.6597,24.2361,0.0000,0.0000,2021-08-11 20:11:33
1047690,4093.0000,1411.0000,1418.0000,1419.0000,1421.0000,1422.0000,1426.0000,1430.0000,38.6780,24.2361,0.0000,0.0000,2021-08-11 20:11:36
1047691,4093.0000,1411.0000,1421.0000,1419.0000,1419.0000,1421.0000,1426.0000,1429.0000,38.6780,24.2361,0.0000,0.0000,2021-08-11 20:11:39
1047692,4094.0000,1409.0000,1421.0000,1420.0000,1420.0000,1421.0000,1425.0000,1429.0000,38.6780,24.2461,0.0000,0.0000,2021-08-11 20:11:43
1047693,4095.0000,1411.0000,1420.0000,1420.0000,1418.0000,1422.0000,1425.0000,1430.0000,38.6658,24.2159,0.0000,0.0000,2021-08-11 20:11:46
1047694,4095.0000,1414.0000,1421.0000,1420.0000,1419.0000,1421.0000,1425.0000,1427.0000,38.6902,24.2461,0.0000,0.0000,2021-08-11 20:11:49
1047695,4092.0000,1413.0000,1422.0000,1420.0000,1420.0000,1422.0000,1425.0000,1429.0000,38.6902,24.2461,0.0000,0.0000,2021-08-11 20:11:53
1047696,4094.0000,1411.0000,1420.0000,1420.0000,1418.0000,1423.0000,1425.0000,1429.0000,38.7085,24.2562,0.0000,0.0000,2021-08-11 20:11:56
1047697,4095.0000,1412.0000,1421.0000,1420.0000,1419.0000,1422.0000,1427.0000,1430.0000,38.6963,24.2764,0.0000,0.0000,2021-08-11 20:11:59
1047698,4094.0000,1410.0000,1421.0000,1420.0000,1419.0000,1422.0000,1425.0000,1430.0000,38.7085,24.2562,0.0000,0.0000,2021-08-11 20:12:03
1047699,4095.0000,1410.0000,1421.0000,1420.0000,1419.0000,1421.0000,1425.0000,1429.0000,38.7146,24.2764,0.0000,0.0000,2021-08-11 20:12:06
1047700,4095.0000,1411.0000,1419.0000,1419.0000,1419.0000,1421.0000,1425.0000,1430.0000,38.7146,24.2764,0.0000,0.0000,2021-08-11 20:12:10
1047701,4095.0000,1410.0000,1420.0000,1421.0000,1418.0000,1422.0000,1425.0000,1430.0000,38.7146,24.2764,0.0000,0.0000,2021-08-11 20:12:13
1047702,4095.0000,1411.0000,1420.0000,1418.0000,1418.0000,1420.0000,1425.0000,1430.0000,38.7146,24.2764,0.0000,0.0000,2021-08-11 20:12:16
1047703,4095.0000,1411.0000,1421.0000,1419.0000,1420.0000,1420.0000,1424.0000,1430.0000,38.7329,24.2764,0.0000,0.0000,2021-08-11 20:12:19
1047704,4094.0000,1413.0000,1420.0000,1420.0000,1421.0000,1422.0000,1425.0000,1429.0000,38.7329,24.2864,0.0000,0.0000,2021-08-11 20:12:23
1047705,4094.0000,1411.0000,1421.0000,1419.0000,1417.0000,1423.0000,1425.0000,1430.0000,38.7329,24.2864,0.0000,0.0000,2021-08-11 20:12:26
1047706,4095.0000,1411.0000,1418.0000,1420.0000,1419.0000,1421.0000,1425.0000,1429.0000,38.7329,24.2965,0.0000,0.0000,2021-08-11 20:12:29
1047707,4095.0000,1411.0000,1420.0000,1420.0000,1420.0000,1421.0000,1425.0000,1429.0000,38.7329,24.2965,0.0000,0.0000,2021-08-11 20:12:32
1047708,4094.0000,1410.0000,1421.0000,1420.0000,1419.0000,1422.0000,1425.0000,1429.0000,38.7329,24.2965,0.0000,0.0000,2021-08-11 20:12:36
1047709,4091.0000,1411.0000,1421.0000,1420.0000,1419.0000,1422.0000,1426.0000,1430.0000,38.7329,24.2965,0.0000,0.0000,2021-08-11 20:12:39
1047710,4094.0000,1412.0000,1420.0000,1421.0000,1419.0000,1422.0000,1426.0000,1429.0000,38.7329,24.2965,0.0000,0.0000,2021-08-11 20:12:42
1047711,4094.0000,1411.0000,1420.0000,1420.0000,1419.0000,1421.0000,1425.0000,1429.0000,38.7329,24.2965,0.0000,0.0000,2021-08-11 20:12:46
1047712,4095.0000,1411.0000,1421.0000,1421.0000,1419.0000,1421.0000,1424.0000,1430.0000,38.7451,24.3166,0.0000,0.0000,2021-08-11 20:12:49
1047713,4095.0000,1412.0000,1424.0000,1419.0000,1420.0000,1422.0000,1426.0000,1429.0000,38.7573,24.3166,0.0000,0.0000,2021-08-11 20:12:52
1047714,4094.0000,1411.0000,1420.0000,1420.0000,1419.0000,1422.0000,1426.0000,1431.0000,38.7573,24.3166,0.0000,0.0000,2021-08-11 20:12:55
1047715,4094.0000,1412.0000,1419.0000,1421.0000,1419.0000,1421.0000,1425.0000,1430.0000,38.7573,24.3166,0.0000,0.0000,2021-08-11 20:12:59
1047716,4094.0000,1411.0000,1421.0000,1419.0000,1419.0000,1422.0000,1425.0000,1430.0000,38.7756,24.3166,0.0000,0.0000,2021-08-11 20:13:02
1047717,4095.0000,1410.0000,1420.0000,1419.0000,1419.0000,1421.0000,1426.0000,1430.0000,38.7695,24.2965,0.0000,0.0000,2021-08-11 20:13:05
1047718,4095.0000,1411.0000,1420.0000,1422.0000,1418.0000,1422.0000,1424.0000,1429.0000,38.7878,24.3166,0.0000,0.0000,2021-08-11 20:13:08
1047719,4095.0000,1414.0000,1422.0000,1418.0000,1419.0000,1422.0000,1425.0000,1429.0000,38.7817,24.2965,0.0000,0.0000,2021-08-11 20:13:12
1047720,4094.0000,1413.0000,1421.0000,1417.0000,1418.0000,1423.0000,1425.0000,1432.0000,38.7878,24.3166,0.0000,0.0000,2021-08-11 20:13:15
1047721,4094.0000,1411.0000,1418.0000,1421.0000,1419.0000,1423.0000,1426.0000,1429.0000,38.7878,24.3166,0.0000,0.0000,2021-08-11 20:13:18
1047722,4095.0000,1411.0000,1421.0000,1419.0000,1420.0000,1422.0000,1425.0000,1430.0000,38.8062,24.3166,0.0000,0.0000,2021-08-11 20:13:22
1047723,4094.0000,1411.0000,1423.0000,1420.0000,1419.0000,1422.0000,1425.0000,1429.0000,38.8062,24.3166,0.0000,0.0000,2021-08-11 20:13:25
1047724,4095.0000,1411.0000,1420.0000,1419.0000,1419.0000,1422.0000,1425.0000,1429.0000,38.8062,24.3166,0.0000,0.0000,2021-08-11 20:13:28
1047725,4092.0000,1412.0000,1420.0000,1420.0000,1419.0000,1421.0000,1425.0000,1429.0000,38.8245,24.3166,0.0000,0.0000,2021-08-11 20:13:31
1047726,4094.0000,1411.0000,1420.0000,1420.0000,1420.0000,1421.0000,1423.0000,1428.0000,38.8245,24.3166,0.0000,0.0000,2021-08-11 20:13:34
1047727,4095.0000,1414.0000,1420.0000,1420.0000,1419.0000,1421.0000,1423.0000,1429.0000,38.8184,24.3569,0.0000,0.0000,2021-08-11 20:13:38
1047728,4095.0000,1413.0000,1422.0000,1414.0000,1419.0000,1422.0000,1424.0000,1427.0000,38.8062,24.3267,0.0000,0.0000,2021-08-11 20:13:41
1047729,4094.0000,1412.0000,1421.0000,1419.0000,1418.0000,1423.0000,1426.0000,1429.0000,38.8245,24.3267,0.0000,0.0000,2021-08-11 20:13:44
1047730,4093.0000,1411.0000,1423.0000,1419.0000,1418.0000,1421.0000,1425.0000,1429.0000,38.8062,24.3267,0.0000,0.0000,2021-08-11 20:13:47
1047731,4095.0000,1411.0000,1414.0000,1419.0000,1421.0000,1421.0000,1424.0000,1430.0000,38.8245,24.3267,0.0000,0.0000,2021-08-11 20:13:51
1047732,4094.0000,1413.0000,1420.0000,1420.0000,1418.0000,1421.0000,1424.0000,1429.0000,38.8062,24.3469,0.0000,0.0000,2021-08-11 20:13:54
1047733,4095.0000,1412.0000,1422.0000,1419.0000,1419.0000,1422.0000,1425.0000,1429.0000,38.8245,24.3469,0.0000,0.0000,2021-08-11 20:13:57
1047734,4094.0000,1411.0000,1421.0000,1420.0000,1418.0000,1421.0000,1425.0000,1430.0000,38.8367,24.3569,0.0000,0.0000,2021-08-11 20:14:00
1047735,4094.0000,1411.0000,1421.0000,1420.0000,1418.0000,1421.0000,1425.0000,1430.0000,38.8245,24.3469,0.0000,0.0000,2021-08-11 20:14:04
1047736,4094.0000,1411.0000,1420.0000,1420.0000,1418.0000,1424.0000,1424.0000,1429.0000,38.8184,24.3569,0.0000,0.0000,2021-08-11 20:14:07
1047737,4095.0000,1410.0000,1421.0000,1420.0000,1418.0000,1420.0000,1425.0000,1429.0000,38.8367,24.3569,0.0000,0.0000,2021-08-11 20:14:10
1047738,4095.0000,1413.0000,1419.0000,1422.0000,1418.0000,1421.0000,1425.0000,1429.0000,38.8184,24.3569,0.0000,0.0000,2021-08-11 20:14:14
1047739,4094.0000,1411.0000,1420.0000,1419.0000,1419.0000,1421.0000,1425.0000,1429.0000,38.8062,24.3267,0.0000,0.0000,2021-08-11 20:14:17
1047740,4093.0000,1410.0000,1420.0000,1420.0000,1419.0000,1422.0000,1425.0000,1430.0000,38.8062,24.3469,0.0000,0.0000,2021-08-11 20:14:20
1047741,4095.0000,1410.0000,1420.0000,1419.0000,1418.0000,1421.0000,1426.0000,1429.0000,38.8062,24.3469,0.0000,0.0000,2021-08-11 20:14:23
1047742,4094.0000,1411.0000,1421.0000,1420.0000,1418.0000,1421.0000,1425.0000,1429.0000,38.8062,24.3267,0.0000,0.0000,2021-08-11 20:14:27
1047743,4095.0000,1411.0000,1420.0000,1419.0000,1418.0000,1421.0000,1424.0000,1429.0000,38.8062,24.3267,0.0000,0.0000,2021-08-11 20:14:30
1047744,4094.0000,1410.0000,1421.0000,1420.0000,1418.0000,1421.0000,1425.0000,1429.0000,38.8062,24.3267,0.0000,0.0000,2021-08-11 20:14:33
1047745,4094.0000,1411.0000,1420.0000,1420.0000,1418.0000,1421.0000,1425.0000,1429.0000,38.8062,24.3267,0.0000,0.0000,2021-08-11 20:14:37
1047746,4094.0000,1411.0000,1420.0000,1420.0000,1419.0000,1421.0000,1425.0000,1431.0000,38.8062,24.3469,0.0000,0.0000,2021-08-11 20:14:40
1047747,4094.0000,1409.0000,1418.0000,1420.0000,1419.0000,1422.0000,1425.0000,1428.0000,38.8184,24.3569,0.0000,0.0000,2021-08-11 20:14:43
1047748,4095.0000,1414.0000,1420.0000,1421.0000,1419.0000,1421.0000,1424.0000,1429.0000,38.7878,24.3469,0.0000,0.0000,2021-08-11 20:14:46
1047749,4094.0000,1409.0000,1420.0000,1419.0000,1419.0000,1421.0000,1425.0000,1429.0000,38.7756,24.3469,0.0000,0.0000,2021-08-11 20:14:49
1047750,4094.0000,1412.0000,1420.0000,1419.0000,1419.0000,1422.0000,1424.0000,1429.0000,38.7573,24.3267,0.0000,0.0000,2021-08-11 20:14:53
1047751,4094.0000,1411.0000,1420.0000,1420.0000,1419.0000,1421.0000,1425.0000,1429.0000,38.7573,24.3469,0.0000,0.0000,2021-08-11 20:14:56
1047752,4095.0000,1413.0000,1418.0000,1420.0000,1419.0000,1422.0000,1424.0000,1427.0000,38.7695,24.3569,0.0000,0.0000,2021-08-11 20:14:59
